Time,CK0,CS,CA1,CA2,CA0,CA7,CA9,CA8,CA6,CA4,CA10
-2.06650004e-08,1,1,1,1,1,1,1,1,1,1,1
-2.05850004e-08,0,1,1,1,1,1,1,1,1,1,1
-2.05050004e-08,0,1,1,1,1,1,1,1,1,1,1
-2.04250004e-08,1,1,1,1,1,1,1,1,1,1,1
-2.03450004e-08,1,1,1,1,1,1,1,1,1,1,1
-2.02650004e-08,1,1,1,1,1,1,1,1,1,1,1
-2.01850004e-08,0,1,1,1,1,1,1,1,1,1,1
-2.01050004e-08,0,1,1,1,1,1,1,1,1,1,1
-2.00250004e-08,0,1,1,1,1,1,1,1,1,1,1
-1.99450004e-08,1,1,1,1,1,1,1,1,1,1,1
-1.98650004e-08,1,1,1,1,1,1,1,1,1,1,1
-1.97850004e-08,0,1,1,1,1,1,1,1,1,1,1
-1.97050004e-08,0,1,1,1,1,1,1,1,1,1,1
-1.96250004e-08,0,1,1,1,1,1,1,1,1,1,1
-1.95450004e-08,1,1,1,1,1,1,1,1,1,1,1
-1.94650004e-08,1,1,1,1,1,1,1,1,1,1,1
-1.93850004e-08,1,1,1,1,1,1,1,1,1,1,1
-1.93050004e-08,0,1,1,1,1,1,1,1,1,1,1
-1.92250004e-08,0,1,1,1,1,1,1,1,1,1,1
-1.91450004e-08,1,1,1,1,1,1,1,1,1,1,1
-1.90650004e-08,1,1,1,1,1,1,1,1,1,1,1
-1.89850004e-08,1,1,1,1,1,1,1,1,1,1,1
-1.89050004e-08,0,1,1,1,1,1,1,1,1,1,1
-1.88250004e-08,0,1,1,1,1,1,1,1,1,1,1
-1.87450004e-08,1,1,1,1,1,1,1,1,1,1,1
-1.86650004e-08,1,1,1,1,1,1,1,1,1,1,1
-1.85850004e-08,1,1,1,1,1,1,1,1,1,1,1
-1.85050004e-08,0,1,1,1,1,1,1,1,1,1,1
-1.84250004e-08,0,1,1,1,1,1,1,1,1,1,1
-1.83450004e-08,0,1,1,1,1,1,1,1,1,1,1
-1.82650004e-08,1,1,1,1,1,1,1,1,1,1,1
-1.81850004e-08,1,1,1,1,1,1,1,1,1,1,1
-1.81050004e-08,0,1,1,1,1,1,1,1,1,1,1
-1.80250004e-08,0,1,1,1,1,1,1,1,1,1,1
-1.79450004e-08,0,1,1,1,1,1,1,1,1,1,1
-1.78650004e-08,1,1,1,1,1,1,1,1,1,1,1
-1.77850004e-08,1,1,1,1,1,1,1,1,1,1,1
-1.77050004e-08,1,1,1,1,1,1,1,1,1,1,1
-1.76250004e-08,0,1,1,1,1,1,1,1,1,1,1
-1.75450004e-08,0,1,1,1,1,1,1,1,1,1,1
-1.74650004e-08,1,1,1,1,1,1,1,1,1,1,1
-1.73850004e-08,1,1,1,1,1,1,1,1,1,1,1
-1.73050004e-08,1,1,1,1,1,1,1,1,1,1,1
-1.72250004e-08,0,1,1,1,1,1,1,1,1,1,1
-1.71450004e-08,0,1,1,1,1,1,1,1,1,1,1
-1.70650004e-08,1,1,1,1,1,1,1,1,1,1,1
-1.69850004e-08,1,1,1,1,1,1,1,1,1,1,1
-1.69050004e-08,1,1,1,1,1,1,1,1,1,1,1
-1.68250004e-08,0,1,1,1,1,1,1,1,1,1,1
-1.67450004e-08,0,1,1,1,1,1,1,1,1,1,1
-1.66650004e-08,0,1,1,1,1,1,1,1,1,1,1
-1.65850004e-08,1,1,1,1,1,1,1,1,1,1,1
-1.65050004e-08,1,1,1,1,1,1,1,1,1,1,1
-1.64250004e-08,0,1,1,1,1,1,1,1,1,1,1
-1.63450004e-08,0,1,1,1,1,1,1,1,1,1,1
-1.62650004e-08,0,1,1,1,1,1,1,1,1,1,1
-1.61850004e-08,1,1,1,1,1,1,1,1,1,1,1
-1.61050004e-08,1,1,1,1,1,1,1,1,1,1,1
-1.60250004e-08,1,1,1,1,1,1,1,1,1,1,1
-1.59450004e-08,0,1,1,1,1,1,1,1,1,1,1
-1.58650004e-08,0,1,1,1,1,1,1,1,1,1,1
-1.57850004e-08,1,1,1,1,1,1,1,1,1,1,1
-1.57050004e-08,1,1,1,1,1,1,1,1,1,1,1
-1.56250004e-08,1,1,1,1,1,1,1,1,1,1,1
-1.55450004e-08,0,1,1,1,1,1,1,1,1,1,1
-1.54650004e-08,0,1,1,1,1,1,1,1,1,1,1
-1.53850004e-08,1,1,1,1,1,1,1,1,1,1,1
-1.53050004e-08,1,1,1,1,1,1,1,1,1,1,1
-1.52250004e-08,1,1,1,1,1,1,1,1,1,1,1
-1.51450004e-08,0,1,1,1,1,1,1,1,1,1,1
-1.50650004e-08,0,1,1,1,1,1,1,1,1,1,1
-1.49850004e-08,1,1,1,1,1,1,1,1,1,1,1
-1.49050004e-08,1,1,1,1,1,1,1,1,1,1,1
-1.48250004e-08,1,1,1,1,1,1,1,1,1,1,1
-1.47450004e-08,0,1,1,1,1,1,1,1,1,1,1
-1.46650004e-08,0,1,1,1,1,1,1,1,1,1,1
-1.45850004e-08,0,1,1,1,1,1,1,1,1,1,1
-1.45050004e-08,1,1,1,1,1,1,1,1,1,1,1
-1.44250004e-08,1,1,1,1,1,1,1,1,1,1,1
-1.43450004e-08,0,1,1,1,1,1,1,1,1,1,1
-1.42650004e-08,0,1,1,1,1,1,1,1,1,1,1
-1.41850004e-08,0,1,1,1,1,1,1,1,1,1,1
-1.41050004e-08,1,1,1,1,1,1,1,1,1,1,1
-1.40250004e-08,1,1,1,1,1,1,1,1,1,1,1
-1.39450004e-08,1,1,1,1,1,1,1,1,1,1,1
-1.38650004e-08,0,1,1,1,1,1,1,1,1,1,1
-1.37850004e-08,0,1,1,1,1,1,1,1,1,1,1
-1.37050004e-08,1,1,1,1,1,1,1,1,1,1,1
-1.36250004e-08,1,1,1,1,1,1,1,1,1,1,1
-1.35450004e-08,1,1,1,1,1,1,1,1,1,1,1
-1.34650004e-08,0,1,1,1,1,1,1,1,1,1,1
-1.33850004e-08,0,1,1,1,1,1,1,1,1,1,1
-1.33050004e-08,1,1,1,1,1,1,1,1,1,1,1
-1.32250004e-08,1,1,1,1,1,1,1,1,1,1,1
-1.31450004e-08,1,1,1,1,1,1,1,1,1,1,1
-1.30650004e-08,0,1,1,1,1,1,1,1,1,1,1
-1.29850004e-08,0,1,1,1,1,1,1,1,1,1,1
-1.29050004e-08,0,1,1,1,1,1,1,1,1,1,1
-1.28250004e-08,1,1,1,1,1,1,1,1,1,1,1
-1.27450004e-08,1,1,1,1,1,1,1,1,1,1,1
-1.26650004e-08,0,1,1,1,1,1,1,1,1,1,1
-1.25850004e-08,0,1,1,1,1,1,1,1,1,1,1
-1.25050004e-08,0,1,1,1,1,1,1,1,1,1,1
-1.24250004e-08,1,1,1,1,1,1,1,1,1,1,1
-1.23450004e-08,1,1,1,1,1,1,1,1,1,1,1
-1.22650004e-08,1,1,1,1,1,1,1,1,1,1,1
-1.21850004e-08,0,1,1,1,1,1,1,1,1,1,1
-1.21050004e-08,0,1,1,1,1,1,1,1,1,1,1
-1.20250004e-08,1,1,1,1,1,1,1,1,1,1,1
-1.19450004e-08,1,1,1,1,1,1,1,1,1,1,1
-1.18650004e-08,1,1,1,1,1,1,1,1,1,1,1
-1.17850004e-08,0,1,1,1,1,1,1,1,1,1,1
-1.17050004e-08,0,1,1,1,1,1,1,1,1,1,1
-1.16250004e-08,1,1,1,1,1,1,1,1,1,1,1
-1.15450004e-08,1,1,1,1,1,1,1,1,1,1,1
-1.14650004e-08,1,1,1,1,1,1,1,1,1,1,1
-1.13850004e-08,0,1,1,1,1,1,1,1,1,1,1
-1.13050004e-08,0,1,1,1,1,1,1,1,1,1,1
-1.12250004e-08,0,1,1,1,1,1,1,1,1,1,1
-1.11450004e-08,1,1,1,1,1,1,1,1,1,1,1
-1.10650004e-08,1,1,1,1,1,1,1,1,1,1,1
-1.09850004e-08,0,1,1,1,1,1,1,1,1,1,1
-1.09050004e-08,0,1,1,1,1,1,1,1,1,1,1
-1.08250004e-08,0,1,1,1,1,1,1,1,1,1,1
-1.07450004e-08,1,1,1,1,1,1,1,1,1,1,1
-1.06650004e-08,1,1,1,1,1,1,1,1,1,1,1
-1.05850004e-08,1,1,1,1,1,1,1,1,1,1,1
-1.05050004e-08,0,1,1,1,1,1,1,1,1,1,1
-1.04250004e-08,0,1,1,1,1,1,1,1,1,1,1
-1.03450004e-08,1,1,1,1,1,1,1,1,1,1,1
-1.02650004e-08,1,1,1,1,1,1,1,1,1,1,1
-1.01850004e-08,1,1,1,1,1,1,1,1,1,1,1
-1.01050004e-08,0,1,1,1,1,1,1,1,1,1,1
-1.00250004e-08,0,1,1,1,1,1,1,1,1,1,1
-9.94500042e-09,1,1,1,1,1,1,1,1,1,1,1
-9.86500042e-09,1,1,1,1,1,1,1,1,1,1,1
-9.78500042e-09,1,1,1,1,1,1,1,1,1,1,1
-9.70500042e-09,0,1,1,1,1,1,1,1,1,1,1
-9.62500042e-09,0,1,1,1,1,1,1,1,1,1,1
-9.54500042e-09,0,1,1,1,1,1,1,1,1,1,1
-9.46500042e-09,1,1,1,1,1,1,1,1,1,1,1
-9.38500042e-09,1,1,1,1,1,1,1,1,1,1,1
-9.30500042e-09,0,1,1,1,1,1,1,1,1,1,1
-9.22500042e-09,0,1,1,1,1,1,1,1,1,1,1
-9.14500042e-09,0,1,1,1,1,1,1,1,1,1,1
-9.06500042e-09,1,1,1,1,1,1,1,1,1,1,1
-8.98500042e-09,1,1,1,1,1,1,1,1,1,1,1
-8.90500042e-09,0,1,1,1,1,1,1,1,1,1,1
-8.82500042e-09,0,1,1,1,1,1,1,1,1,1,1
-8.74500043e-09,0,1,1,1,1,1,1,1,1,1,1
-8.66500043e-09,1,1,1,1,1,1,1,1,1,1,1
-8.58500043e-09,1,1,1,1,1,1,1,1,1,1,1
-8.50500043e-09,1,1,1,1,1,1,1,1,1,1,1
-8.42500043e-09,0,1,1,1,1,1,1,1,1,1,1
-8.34500043e-09,0,1,1,1,1,1,1,1,1,1,1
-8.26500043e-09,1,1,1,1,1,1,1,1,1,1,1
-8.18500043e-09,1,1,1,1,1,1,1,1,1,1,1
-8.10500043e-09,1,1,1,1,1,1,1,1,1,1,1
-8.02500043e-09,0,1,1,1,1,1,1,1,1,1,1
-7.94500043e-09,0,1,1,1,1,1,1,1,1,1,1
-7.86500043e-09,1,1,1,1,1,1,1,1,1,1,1
-7.78500043e-09,1,1,1,1,1,1,1,1,1,1,1
-7.70500043e-09,1,1,1,1,1,1,1,1,1,1,1
-7.62500043e-09,0,1,1,1,1,1,1,1,1,1,1
-7.54500043e-09,0,1,1,1,1,1,1,1,1,1,1
-7.46500043e-09,0,1,1,1,1,1,1,1,1,1,1
-7.38500043e-09,1,1,1,1,1,1,1,1,1,1,1
-7.30500043e-09,1,1,1,1,1,1,1,1,1,1,1
-7.22500043e-09,0,1,1,1,1,1,1,1,1,1,1
-7.14500043e-09,0,1,1,1,1,1,1,1,1,1,1
-7.06500043e-09,0,1,1,1,1,1,1,1,1,1,1
-6.98500043e-09,1,1,1,1,1,1,1,1,1,1,1
-6.90500043e-09,1,1,1,1,1,1,1,1,1,1,1
-6.82500043e-09,1,1,1,1,1,1,1,1,1,1,1
-6.74500043e-09,0,1,1,1,1,1,1,1,1,1,1
-6.66500043e-09,0,1,1,1,1,1,1,1,1,1,1
-6.58500043e-09,1,1,1,1,1,1,1,1,1,1,1
-6.50500043e-09,1,1,1,1,1,1,1,1,1,1,1
-6.42500043e-09,1,1,1,1,1,1,1,1,1,1,1
-6.34500043e-09,0,1,1,1,1,1,1,1,1,1,1
-6.26500044e-09,0,1,1,1,1,1,1,1,1,1,1
-6.18500044e-09,1,1,1,1,1,1,1,1,1,1,1
-6.10500044e-09,1,1,1,1,1,1,1,1,1,1,1
-6.02500044e-09,1,1,1,1,1,1,1,1,1,1,1
-5.94500044e-09,0,1,1,1,1,1,1,1,1,1,1
-5.86500044e-09,0,1,1,1,1,1,1,1,1,1,1
-5.78500044e-09,1,1,1,1,1,1,1,1,1,1,1
-5.70500044e-09,1,1,1,1,1,1,1,1,1,1,1
-5.62500044e-09,1,1,1,1,1,1,1,1,1,1,1
-5.54500044e-09,0,1,1,1,1,1,1,1,1,1,1
-5.46500044e-09,0,1,1,1,1,1,1,1,1,1,1
-5.38500044e-09,0,1,1,1,1,1,1,1,1,1,1
-5.30500044e-09,1,1,1,1,1,1,1,1,1,1,1
-5.22500044e-09,1,1,1,1,1,1,1,1,1,1,1
-5.14500044e-09,0,1,1,1,1,1,1,1,1,1,1
-5.06500044e-09,0,1,1,1,1,1,1,1,1,1,1
-4.98500044e-09,0,1,1,1,1,1,1,1,1,1,1
-4.90500044e-09,1,1,1,1,1,1,1,1,1,1,1
-4.82500044e-09,1,1,1,1,1,1,1,1,1,1,1
-4.74500044e-09,1,1,1,1,1,1,1,1,1,1,1
-4.66500044e-09,0,1,1,1,1,1,1,1,1,1,1
-4.58500044e-09,0,1,1,1,1,1,1,1,1,1,1
-4.50500044e-09,1,1,1,1,1,1,1,1,1,1,1
-4.42500044e-09,1,1,1,1,1,1,1,1,1,1,1
-4.34500044e-09,1,1,1,1,1,1,1,1,1,1,1
-4.26500044e-09,0,1,1,1,1,1,1,1,1,1,1
-4.18500044e-09,0,1,1,1,1,1,1,1,1,1,1
-4.10500044e-09,1,1,1,1,1,1,1,1,1,1,1
-4.02500044e-09,1,1,1,1,1,1,1,1,1,1,1
-3.94500044e-09,1,1,1,1,1,1,1,1,1,1,1
-3.86500044e-09,0,1,1,1,1,1,1,1,1,1,1
-3.78500045e-09,0,1,1,1,1,1,1,1,1,1,1
-3.70500045e-09,0,1,1,1,1,1,1,1,1,1,1
-3.62500045e-09,1,1,1,1,1,1,1,1,1,1,1
-3.54500045e-09,1,1,1,1,1,1,1,1,1,1,1
-3.46500045e-09,0,1,1,1,1,1,1,1,1,1,1
-3.38500045e-09,0,1,1,1,1,1,1,1,1,1,1
-3.30500045e-09,0,1,1,1,1,1,1,1,1,1,1
-3.22500045e-09,1,1,1,1,1,1,1,1,1,1,1
-3.14500045e-09,1,1,1,1,1,1,1,1,1,1,1
-3.06500045e-09,0,1,1,1,1,1,1,1,1,1,1
-2.98500045e-09,0,1,1,1,1,1,1,1,1,1,1
-2.90500045e-09,0,1,1,1,1,1,1,1,1,1,1
-2.82500045e-09,1,1,1,1,1,1,1,1,1,1,1
-2.74500045e-09,1,1,1,1,1,1,1,1,1,1,1
-2.66500045e-09,1,1,1,1,1,1,1,1,1,1,1
-2.58500045e-09,0,1,1,1,1,1,1,1,1,1,1
-2.50500045e-09,0,1,1,1,1,1,1,1,1,1,1
-2.42500045e-09,1,1,1,1,1,1,1,1,1,1,1
-2.34500045e-09,1,1,1,1,1,1,1,1,1,1,1
-2.26500045e-09,1,1,1,1,1,1,1,1,1,1,1
-2.18500045e-09,0,1,1,1,1,1,1,1,1,1,1
-2.10500045e-09,0,1,1,1,1,1,1,1,1,1,1
-2.02500045e-09,1,1,1,1,1,1,1,1,1,1,1
-1.94500045e-09,1,1,1,1,1,1,1,1,1,1,1
-1.86500045e-09,1,1,1,1,1,1,1,1,1,1,1
-1.78500045e-09,0,1,1,1,1,1,1,1,1,1,1
-1.70500045e-09,0,1,1,1,1,1,1,1,1,1,1
-1.62500045e-09,0,1,1,1,1,1,1,1,1,1,1
-1.54500045e-09,1,1,1,1,1,1,1,1,1,1,1
-1.46500045e-09,1,1,1,1,1,1,1,1,1,1,1
-1.38500045e-09,0,1,1,1,1,1,1,1,1,1,1
-1.30500045e-09,0,1,1,1,1,1,1,1,1,1,1
-1.22500046e-09,0,1,1,1,1,1,1,1,1,1,1
-1.14500046e-09,1,1,1,1,1,1,1,1,1,1,1
-1.06500046e-09,1,1,1,1,1,1,1,1,1,1,1
-9.85000456e-10,0,1,1,1,1,1,1,1,1,1,1
-9.05000457e-10,0,1,1,1,1,1,1,1,1,1,1
-8.25000457e-10,0,1,1,1,1,1,1,1,1,1,1
-7.45000457e-10,1,1,1,1,1,1,1,1,0,0,0
-6.65000457e-10,1,1,0,1,0,1,1,0,0,0,0
-5.85000458e-10,1,1,0,1,0,1,1,0,0,0,0
-5.05000458e-10,0,1,0,1,0,1,1,0,0,0,0
-4.25000458e-10,0,0,0,1,0,1,1,0,0,0,0
-3.45000459e-10,1,0,0,1,0,1,1,0,0,0,0
-2.65000459e-10,1,0,0,1,0,1,1,0,0,0,0
-1.85000459e-10,1,0,0,1,0,1,1,0,0,0,0
-1.05000460e-10,0,1,0,1,0,1,1,0,0,0,0
-2.50004600e-11,0,1,0,1,0,1,1,0,0,0,0
5.49995396e-11,1,1,1,1,0,1,1,0,0,0,1
1.34999539e-10,1,1,1,1,0,1,1,0,0,0,1
2.14999539e-10,1,1,1,0,0,1,0,0,0,0,1
2.94999539e-10,0,1,1,0,0,0,0,0,0,0,1
3.74999538e-10,0,1,1,0,0,0,0,0,0,0,1
4.54999538e-10,0,1,1,0,0,0,0,0,0,0,1
5.34999538e-10,1,1,1,0,0,0,0,0,0,0,1
6.14999537e-10,1,1,1,0,0,0,0,0,0,0,1
6.94999537e-10,0,1,1,0,0,0,0,0,0,0,1
7.74999537e-10,0,1,1,0,0,0,0,0,0,0,1
8.54999536e-10,0,1,1,0,0,0,0,0,0,0,1
9.34999536e-10,1,1,1,1,1,0,1,0,1,0,1
1.01499954e-09,1,1,1,1,1,1,1,1,1,1,1
1.09499954e-09,1,1,1,1,1,1,1,1,1,1,1
1.17499954e-09,0,1,1,1,1,1,1,1,1,1,1
1.25499953e-09,0,1,1,1,1,1,1,1,1,1,1
1.33499953e-09,1,1,1,1,1,1,1,1,1,1,1
1.41499953e-09,1,1,1,1,1,1,1,1,1,1,1
1.49499953e-09,1,1,1,1,1,1,1,1,1,1,1
1.57499953e-09,0,1,1,1,1,1,1,1,1,1,1
1.65499953e-09,0,1,1,1,1,1,1,1,1,1,1
1.73499953e-09,1,1,1,1,1,1,1,1,1,1,1
1.81499953e-09,1,1,1,1,1,1,1,1,1,1,1
1.89499953e-09,1,1,1,1,1,1,1,1,1,1,1
1.97499953e-09,0,1,1,1,1,1,1,1,1,1,1
2.05499953e-09,0,1,1,1,1,1,1,1,1,1,1
2.13499953e-09,1,1,1,1,1,1,1,1,1,1,1
2.21499953e-09,1,1,1,1,1,1,1,1,1,1,1
2.29499953e-09,1,1,1,1,1,1,1,1,1,1,1
2.37499953e-09,0,1,1,1,1,1,1,1,1,1,1
2.45499953e-09,0,1,1,1,1,1,1,1,1,1,1
2.53499953e-09,0,1,1,1,1,1,1,1,1,0,1
2.61499953e-09,1,1,1,1,1,1,1,1,0,0,1
2.69499953e-09,1,1,0,1,0,1,1,1,0,0,0
2.77499953e-09,0,1,0,1,0,1,1,1,0,0,0
2.85499953e-09,0,0,0,1,0,1,1,1,0,0,0
2.93499953e-09,0,0,0,1,0,1,1,1,0,0,0
3.01499953e-09,1,0,0,1,0,1,1,1,0,0,0
3.09499953e-09,1,0,0,1,0,1,1,1,0,0,0
3.17499953e-09,1,1,0,1,0,1,1,1,0,0,0
3.25499953e-09,0,1,0,1,0,1,1,1,0,0,0
3.33499953e-09,0,1,0,1,0,1,1,1,0,0,0
3.41499953e-09,1,1,1,1,0,1,1,1,0,0,1
3.49499953e-09,1,1,1,1,0,1,1,1,0,0,1
3.57499953e-09,1,1,1,0,0,1,0,0,0,0,1
3.65499953e-09,0,1,1,0,0,0,0,0,0,0,1
3.73499952e-09,0,1,1,0,0,0,0,0,0,0,1
3.81499952e-09,1,1,1,0,0,0,0,0,0,0,1
3.89499952e-09,1,1,1,0,0,0,0,0,0,0,1
3.97499952e-09,1,1,1,0,0,0,0,0,0,0,1
4.05499952e-09,0,1,1,0,0,0,0,0,0,0,1
4.13499952e-09,0,1,1,0,0,0,0,0,0,0,1
4.21499952e-09,1,1,1,0,1,0,1,0,1,0,1
4.29499952e-09,1,1,1,1,1,1,1,1,1,1,1
4.37499952e-09,1,1,1,1,1,1,1,1,1,1,1
4.45499952e-09,0,1,1,1,1,1,1,1,1,1,1
4.53499952e-09,0,1,1,1,1,1,1,1,1,1,1
4.61499952e-09,0,1,1,1,1,1,1,1,1,1,1
4.69499952e-09,1,1,1,1,1,1,1,1,1,1,1
4.77499952e-09,1,1,1,1,1,1,1,1,1,1,1
4.85499952e-09,0,1,1,1,1,1,1,1,1,1,1
4.93499952e-09,0,1,1,1,1,1,1,1,1,1,1
5.01499952e-09,0,1,1,1,1,1,1,1,1,1,1
5.09499952e-09,1,1,1,1,1,1,1,1,1,1,1
5.17499952e-09,1,1,1,1,1,1,1,1,1,1,1
5.25499952e-09,1,1,1,1,1,1,1,1,1,1,1
5.33499952e-09,0,1,1,1,1,1,1,1,1,1,1
5.41499952e-09,0,1,1,1,1,1,1,1,1,1,1
5.49499952e-09,1,1,1,1,1,1,1,1,1,1,1
5.57499952e-09,1,1,1,1,1,1,1,1,1,1,1
5.65499952e-09,1,1,1,1,1,1,1,1,1,1,1
5.73499952e-09,0,1,1,1,1,1,1,1,1,1,1
5.81499952e-09,0,1,1,1,1,1,1,1,1,1,1
5.89499952e-09,1,1,1,1,1,1,1,1,1,1,1
5.97499952e-09,1,1,1,1,1,1,1,1,1,1,1
6.05499952e-09,1,1,1,1,1,1,1,1,1,1,1
6.13499952e-09,0,1,1,1,1,1,1,1,1,1,1
6.21499952e-09,0,1,1,1,1,1,1,1,1,1,1
6.29499951e-09,1,1,1,1,1,1,1,1,1,1,1
6.37499951e-09,1,1,1,1,1,1,1,1,1,1,1
6.45499951e-09,1,1,1,1,1,1,1,1,1,1,1
6.53499951e-09,0,1,1,1,1,1,1,1,1,1,1
6.61499951e-09,0,1,1,1,1,1,1,1,1,1,1
6.69499951e-09,0,1,1,1,1,1,1,1,1,1,1
6.77499951e-09,1,1,1,1,1,1,1,1,1,1,1
6.85499951e-09,1,1,1,1,1,1,1,1,1,1,1
6.93499951e-09,0,1,1,1,1,1,1,1,1,1,1
7.01499951e-09,0,1,1,1,1,1,1,1,1,1,1
7.09499951e-09,0,1,1,1,1,1,1,1,1,1,1
7.17499951e-09,1,1,1,1,1,1,1,1,1,1,1
7.25499951e-09,1,1,1,1,1,1,1,1,1,1,1
7.33499951e-09,1,1,1,1,1,1,1,1,1,1,1
7.41499951e-09,0,1,1,1,1,1,1,1,1,1,1
7.49499951e-09,0,1,1,1,1,1,1,1,1,1,1
7.57499951e-09,1,1,1,1,1,1,1,1,1,1,1
7.65499951e-09,1,1,1,1,1,1,1,1,1,1,1
7.73499951e-09,1,1,1,1,1,1,1,1,1,1,1
7.81499951e-09,0,1,1,1,1,1,1,1,1,1,1
7.89499951e-09,0,1,1,1,1,1,1,1,1,1,1
7.97499951e-09,1,1,1,1,1,1,1,1,1,1,1
8.05499951e-09,1,1,1,1,1,1,1,1,1,1,1
8.13499951e-09,1,1,1,1,1,1,1,1,1,1,1
8.21499951e-09,0,1,1,1,1,1,1,1,1,1,1
8.29499951e-09,0,1,1,1,1,1,1,1,1,1,1
8.37499951e-09,1,1,1,1,1,1,1,1,1,1,1
8.45499951e-09,1,1,1,1,1,1,1,1,1,1,1
8.53499951e-09,1,1,1,1,1,1,1,1,1,1,1
8.61499951e-09,0,1,1,1,1,1,1,1,1,1,1
8.69499951e-09,0,1,1,1,1,1,1,1,1,1,1
8.77499950e-09,0,1,1,1,1,1,1,1,1,1,1
8.85499950e-09,1,1,1,1,1,1,1,1,1,1,1
8.93499950e-09,1,1,1,1,1,1,1,1,1,1,1
9.01499950e-09,0,1,1,1,1,1,1,1,1,1,1
9.09499950e-09,0,1,1,1,1,1,1,1,1,1,1
9.17499950e-09,0,1,1,1,1,1,1,1,1,1,1
9.25499950e-09,1,1,1,1,1,1,1,1,1,1,1
9.33499950e-09,1,1,1,1,1,1,1,1,1,1,1
9.41499950e-09,0,1,1,1,1,1,1,1,1,1,1
9.49499950e-09,0,1,1,1,1,1,1,1,1,1,1
9.57499950e-09,0,1,1,1,1,1,1,1,1,1,1
9.65499950e-09,1,1,1,1,1,1,1,1,1,1,1
9.73499950e-09,1,1,1,1,1,1,1,1,1,1,1
9.81499950e-09,1,1,1,1,1,1,1,1,1,1,1
9.89499950e-09,0,1,1,1,1,1,1,1,1,1,1
9.97499950e-09,0,1,1,1,1,1,1,1,1,1,1
1.00549995e-08,1,1,1,1,1,1,1,1,1,1,1
1.01349995e-08,1,1,1,1,1,1,1,1,1,1,1
1.02149995e-08,1,1,1,1,1,1,1,1,1,1,1
1.02949995e-08,0,1,1,1,1,1,1,1,1,1,1
1.03749995e-08,0,1,1,1,1,1,1,1,1,1,1
1.04549995e-08,1,1,1,1,1,1,1,1,1,1,1
1.05349995e-08,1,1,1,1,1,1,1,1,1,1,1
1.06149995e-08,1,1,1,1,1,1,1,1,1,1,1
1.06949995e-08,0,1,1,1,1,1,1,1,1,1,1
1.07749995e-08,0,1,1,1,1,1,1,1,1,1,1
1.08549995e-08,0,1,1,1,1,1,1,1,1,1,1
1.09349995e-08,1,1,1,1,1,1,1,1,1,1,1
1.10149995e-08,1,1,1,1,1,1,1,1,1,1,1
1.10949995e-08,0,1,1,1,1,1,1,1,1,1,1
1.11749995e-08,0,1,1,1,1,1,1,1,1,1,1
1.12549995e-08,0,1,1,1,1,1,1,1,1,1,1
1.13349995e-08,1,1,1,1,1,1,1,1,1,1,1
1.14149995e-08,1,1,1,1,1,1,1,1,1,1,1
1.14949995e-08,1,1,1,1,1,1,1,1,1,1,1
1.15749995e-08,0,1,1,1,1,1,1,1,1,1,1
1.16549995e-08,0,1,1,1,1,1,1,1,1,1,1
1.17349995e-08,1,1,1,1,1,1,1,1,1,1,1
1.18149995e-08,1,1,1,1,1,1,1,1,1,1,1
1.18949995e-08,1,1,1,1,1,1,1,1,1,1,1
1.19749995e-08,0,1,1,1,1,1,1,1,1,1,1
1.20549995e-08,0,1,1,1,1,1,1,1,1,1,1
1.21349995e-08,1,1,1,1,1,1,1,1,1,1,1
1.22149995e-08,1,1,1,1,1,1,1,1,1,1,1
1.22949995e-08,1,1,1,1,1,1,1,1,1,1,1
1.23749995e-08,0,1,1,1,1,1,1,1,1,1,1
1.24549995e-08,0,1,1,1,1,1,1,1,1,1,1
1.25349995e-08,1,1,1,1,1,1,1,1,1,1,1
1.26149995e-08,1,1,1,1,1,1,1,1,1,1,1
1.26949995e-08,1,1,1,1,1,1,1,1,1,1,1
1.27749995e-08,0,1,1,1,1,1,1,1,1,1,1
1.28549995e-08,0,1,1,1,1,1,1,1,1,1,1
1.29349995e-08,0,1,1,1,1,1,1,1,1,1,1
1.30149995e-08,1,1,1,1,1,1,1,1,1,1,1
1.30949995e-08,1,1,1,1,1,1,1,1,1,1,1
1.31749995e-08,0,1,1,1,1,1,1,1,1,1,1
1.32549995e-08,0,1,1,1,1,1,1,1,1,1,1
1.33349995e-08,0,1,1,1,1,1,1,1,1,1,1
1.34149995e-08,1,1,1,1,1,1,1,1,1,1,1
1.34949995e-08,1,1,1,1,1,1,1,1,1,1,1
1.35749995e-08,1,1,1,1,1,1,1,1,1,1,1
1.36549995e-08,0,1,1,1,1,1,1,1,1,1,1
1.37349995e-08,0,1,1,1,1,1,1,1,1,1,1
1.38149995e-08,1,1,1,1,1,1,1,1,1,1,1
1.38949995e-08,1,1,1,1,1,1,1,1,1,1,1
1.39749995e-08,1,1,1,1,1,1,1,1,1,1,1
1.40549995e-08,0,1,1,1,1,1,1,1,1,1,1
1.41349995e-08,0,1,1,1,1,1,1,1,1,1,1
1.42149995e-08,1,1,1,1,1,1,1,1,1,1,1
1.42949995e-08,1,1,1,1,1,1,1,1,1,1,1
1.43749995e-08,1,1,1,1,1,1,1,1,1,1,1
1.44549995e-08,0,1,1,1,1,1,1,1,1,1,1
1.45349995e-08,0,1,1,1,1,1,1,1,1,1,1
1.46149995e-08,0,1,1,1,1,1,1,1,1,1,1
1.46949995e-08,1,1,1,1,1,1,1,1,1,1,1
1.47749995e-08,1,1,1,1,1,1,1,1,1,1,1
1.48549995e-08,0,1,1,1,1,1,1,1,1,1,1
1.49349995e-08,0,1,1,1,1,1,1,1,1,1,1
1.50149995e-08,0,1,1,1,1,1,1,1,1,1,1
1.50949995e-08,1,1,1,1,1,1,1,1,1,1,1
1.51749995e-08,1,1,1,1,1,1,1,1,1,1,1
1.52549995e-08,0,1,1,1,1,1,1,1,1,1,1
1.53349995e-08,0,1,1,1,1,1,1,1,1,1,1
1.54149995e-08,0,1,1,1,1,1,1,1,1,1,1
1.54949995e-08,1,1,1,1,1,1,1,1,1,1,1
1.55749995e-08,1,1,1,1,1,1,1,1,1,1,1
1.56549995e-08,1,1,1,1,1,1,1,1,1,1,1
1.57349995e-08,0,1,1,1,1,1,1,1,1,1,1
1.58149995e-08,0,1,1,1,1,1,1,1,1,1,1
1.58949995e-08,1,1,1,1,1,1,1,1,1,1,1
1.59749995e-08,1,1,1,1,1,1,1,1,1,1,1
1.60549995e-08,1,1,1,1,1,1,1,1,1,1,1
1.61349995e-08,0,1,1,1,1,1,1,1,1,1,1
1.62149995e-08,0,1,1,1,1,1,1,1,1,1,1
1.62949995e-08,1,1,1,1,1,1,1,1,1,1,1
1.63749995e-08,1,1,1,1,1,1,1,1,1,1,1
1.64549995e-08,1,1,1,1,1,1,1,1,1,1,1
1.65349995e-08,0,1,1,1,1,1,1,1,1,1,1
1.66149995e-08,0,1,1,1,1,1,1,1,1,1,1
1.66949995e-08,0,1,1,1,1,1,1,1,1,1,1
1.67749995e-08,1,1,1,1,1,1,1,1,1,1,1
1.68549995e-08,1,1,1,1,1,1,1,1,1,1,1
1.69349995e-08,0,1,1,0,1,1,1,1,1,1,1
1.70149995e-08,0,0,1,0,1,1,1,1,1,1,1
1.70949995e-08,0,0,1,0,1,1,1,1,1,1,1
1.71749995e-08,1,0,1,0,1,1,1,1,1,1,1
1.72549995e-08,1,0,1,0,1,1,1,1,1,1,1
1.73349995e-08,0,1,1,0,1,1,1,1,1,1,1
1.74149995e-08,0,1,1,0,1,1,1,1,1,1,1
1.74949995e-08,0,1,1,0,1,1,1,1,1,1,1
1.75749995e-08,1,1,1,1,1,1,1,1,1,1,1
1.76549995e-08,1,1,1,1,1,1,1,1,1,1,1
1.77349995e-08,1,1,1,1,1,1,1,1,1,1,1
1.78149995e-08,0,1,1,1,1,1,1,1,1,1,1
1.78949995e-08,0,1,1,1,1,1,1,1,1,1,1
1.79749995e-08,1,1,1,1,1,1,1,1,1,1,1
1.80549995e-08,1,1,1,1,1,1,1,1,1,1,1
1.81349995e-08,1,1,1,1,1,1,1,1,1,1,1
1.82149995e-08,0,1,1,1,1,1,1,1,1,1,1
1.82949995e-08,0,1,1,1,1,1,1,1,1,1,1
1.83749995e-08,1,1,1,1,1,1,1,1,1,1,1
1.84549995e-08,1,1,1,1,1,1,1,1,1,1,1
1.85349995e-08,1,1,1,1,1,1,1,1,1,1,1
1.86149995e-08,0,1,1,1,1,1,1,1,1,1,1
1.86949995e-08,0,1,1,1,1,1,1,1,1,1,1
1.87749995e-08,0,1,1,1,1,1,1,1,1,1,1
1.88549995e-08,1,1,1,1,1,1,1,1,1,1,1
1.89349995e-08,1,1,1,1,1,1,1,1,1,1,1
1.90149995e-08,0,1,1,1,1,1,1,1,1,1,1
1.90949995e-08,0,1,1,1,1,1,1,1,1,1,1
1.91749995e-08,0,1,1,1,1,1,1,1,1,1,1
1.92549995e-08,1,1,1,1,1,1,1,1,0,1,0
1.93349995e-08,1,1,0,1,1,1,1,0,0,1,0
1.94149995e-08,0,1,0,1,1,1,1,0,0,1,0
1.94949995e-08,0,1,0,1,1,1,1,0,0,1,0
1.95749995e-08,0,0,0,1,1,1,1,0,0,1,0
1.96549995e-08,1,0,0,1,1,1,1,0,0,1,0
1.97349995e-08,1,0,0,1,1,1,1,0,0,1,0
1.98149995e-08,1,0,0,1,1,1,1,0,0,1,0
1.98949995e-08,0,1,0,1,1,1,1,0,0,1,0
1.99749995e-08,0,1,0,1,1,1,1,0,0,1,0
2.00549995e-08,1,1,0,1,1,1,1,0,1,0,1
2.01349995e-08,1,1,0,0,0,1,1,0,1,0,1
2.02149995e-08,1,1,0,0,0,1,0,0,1,0,1
2.02949995e-08,0,1,0,0,0,1,0,0,1,0,1
2.03749995e-08,0,1,0,0,0,1,0,0,1,0,1
2.04549995e-08,0,1,0,0,0,1,0,0,1,0,1
2.05349995e-08,1,1,0,0,0,1,0,0,1,0,1
2.06149995e-08,1,1,0,0,0,1,0,0,1,0,1
2.06949995e-08,0,1,0,0,0,1,0,0,1,0,1
2.07749995e-08,0,1,0,0,0,1,0,0,1,0,1
2.08549995e-08,0,1,0,0,1,1,1,0,1,0,1
2.09349995e-08,1,1,1,1,1,1,1,1,1,0,1
2.10149995e-08,1,1,1,1,1,1,1,1,1,1,1
2.10949995e-08,0,1,1,1,1,1,1,1,1,1,1
2.11749995e-08,0,1,1,1,1,1,1,1,1,1,1
2.12549995e-08,0,1,1,1,1,1,1,1,1,1,1
2.13349995e-08,1,1,1,1,1,1,1,1,1,1,1
2.14149995e-08,1,1,1,1,1,1,1,1,1,1,1
2.14949995e-08,1,1,1,1,1,1,1,1,1,1,1
2.15749995e-08,0,1,1,1,1,1,1,1,1,1,1
2.16549995e-08,0,1,1,1,1,1,1,1,1,1,1
2.17349995e-08,1,1,1,1,1,1,1,1,1,1,1
2.18149995e-08,1,1,1,1,1,1,1,1,1,1,1
2.18949995e-08,1,1,1,1,1,1,1,1,1,1,1
2.19749995e-08,0,1,1,1,1,1,1,1,1,1,1
2.20549995e-08,0,1,1,1,1,1,1,1,1,1,1
2.21349995e-08,1,1,1,1,1,1,1,1,1,1,1
2.22149995e-08,1,1,1,1,1,1,1,1,1,1,1
2.22949995e-08,1,1,1,1,1,1,1,1,1,1,1
2.23749995e-08,0,1,1,1,1,1,1,1,1,1,1
2.24549995e-08,0,1,1,1,1,1,1,1,1,1,1
2.25349994e-08,0,1,1,1,1,1,1,1,1,1,1
2.26149994e-08,1,1,1,1,1,1,1,1,0,1,1
2.26949994e-08,1,1,0,1,1,1,1,1,0,1,0
2.27749994e-08,0,1,0,1,1,1,1,1,0,1,0
2.28549994e-08,0,0,0,1,1,1,1,1,0,1,0
2.29349994e-08,0,0,0,1,1,1,1,1,0,1,0
2.30149994e-08,1,0,0,1,1,1,1,1,0,1,0
2.30949994e-08,1,0,0,1,1,1,1,1,0,1,0
2.31749994e-08,1,1,0,1,1,1,1,1,0,1,0
2.32549994e-08,0,1,0,1,1,1,1,1,0,1,0
2.33349994e-08,0,1,0,1,1,1,1,1,0,1,0
2.34149994e-08,1,1,0,1,1,1,1,1,1,0,1
2.34949994e-08,1,1,0,0,0,1,1,1,1,0,1
2.35749994e-08,1,1,0,0,0,1,0,0,1,0,1
2.36549994e-08,0,1,0,0,0,1,0,0,1,0,1
2.37349994e-08,0,1,0,0,0,1,0,0,1,0,1
2.38149994e-08,1,1,0,0,0,1,0,0,1,0,1
2.38949994e-08,1,1,0,0,0,1,0,0,1,0,1
2.39749994e-08,1,1,0,0,0,1,0,0,1,0,1
2.40549994e-08,0,1,0,0,0,1,0,0,1,0,1
2.41349994e-08,0,1,0,0,0,1,0,0,1,0,1
2.42149994e-08,0,1,0,0,1,1,1,0,1,0,1
2.42949994e-08,1,1,1,1,1,1,1,1,1,1,1
2.43749994e-08,1,1,1,1,1,1,1,1,1,1,1
2.44549994e-08,0,1,1,1,1,1,1,1,1,1,1
2.45349994e-08,0,1,1,1,1,1,1,1,1,1,1
2.46149994e-08,0,1,1,1,1,1,1,1,1,1,1
2.46949994e-08,1,1,1,1,1,1,1,1,1,1,1
2.47749994e-08,1,1,1,1,1,1,1,1,1,1,1
2.48549994e-08,1,1,1,1,1,1,1,1,1,1,1
2.49349994e-08,0,1,1,1,1,1,1,1,1,1,1
2.50149994e-08,0,1,1,1,1,1,1,1,1,1,1
2.50949994e-08,1,1,1,1,1,1,1,1,1,1,1
2.51749994e-08,1,1,1,1,1,1,1,1,1,1,1
2.52549994e-08,1,1,1,1,1,1,1,1,1,1,1
2.53349994e-08,0,1,1,1,1,1,1,1,1,1,1
2.54149994e-08,0,1,1,1,1,1,1,1,1,1,1
2.54949994e-08,1,1,1,1,1,1,1,1,1,1,1
2.55749994e-08,1,1,1,1,1,1,1,1,1,1,1
2.56549994e-08,1,1,1,1,1,1,1,1,1,1,1
2.57349994e-08,0,1,1,1,1,1,1,1,1,1,1
2.58149994e-08,0,1,1,1,1,1,1,1,1,1,1
2.58949994e-08,0,1,1,1,1,1,1,1,1,1,1
2.59749994e-08,1,1,1,1,1,1,1,1,0,1,0
2.60549994e-08,1,1,0,1,1,1,1,0,0,1,0
2.61349994e-08,0,1,0,1,1,1,1,0,0,1,0
2.62149994e-08,0,0,0,1,1,1,1,0,0,1,0
2.62949994e-08,0,0,0,1,1,1,1,0,0,1,0
2.63749994e-08,1,0,0,1,1,1,1,0,0,1,0
2.64549994e-08,1,0,0,1,1,1,1,0,0,1,0
2.65349994e-08,0,1,0,1,1,1,1,0,0,1,0
2.66149994e-08,0,1,0,1,1,1,1,0,0,1,0
2.66949994e-08,0,1,0,1,1,1,1,0,0,1,0
2.67749994e-08,1,1,0,1,0,1,1,0,1,0,1
2.68549994e-08,1,1,0,0,0,1,1,0,1,0,1
2.69349994e-08,1,1,0,0,0,1,0,0,1,0,1
2.70149994e-08,0,1,0,0,0,1,0,0,1,0,1
2.70949994e-08,0,1,0,0,0,1,0,0,1,0,1
2.71749994e-08,1,1,0,0,0,1,0,0,1,0,1
2.72549994e-08,1,1,0,0,0,1,0,0,1,0,1
2.73349994e-08,1,1,0,0,0,1,0,0,1,0,1
2.74149994e-08,0,1,0,0,0,1,0,0,1,0,1
2.74949994e-08,0,1,0,0,0,1,0,0,1,0,1
2.75749994e-08,1,1,0,0,1,1,1,0,1,0,1
2.76549994e-08,1,1,1,1,1,1,1,1,1,1,1
2.77349994e-08,1,1,1,1,1,1,1,1,1,1,1
2.78149994e-08,0,1,1,1,1,1,1,1,1,1,1
2.78949994e-08,0,1,1,1,1,1,1,1,1,1,1
2.79749994e-08,0,1,1,1,1,1,1,1,1,1,1
2.80549994e-08,1,1,1,1,1,1,1,1,1,1,1
2.81349994e-08,1,1,1,1,1,1,1,1,1,1,1
2.82149994e-08,0,1,1,1,1,1,1,1,1,1,1
2.82949994e-08,0,1,1,1,1,1,1,1,1,1,1
2.83749994e-08,0,1,1,1,1,1,1,1,1,1,1
2.84549994e-08,1,1,1,1,1,1,1,1,1,1,1
2.85349994e-08,1,1,1,1,1,1,1,1,1,1,1
2.86149994e-08,1,1,1,1,1,1,1,1,1,1,1
2.86949994e-08,0,1,1,1,1,1,1,1,1,1,1
2.87749994e-08,0,1,1,1,1,1,1,1,1,1,1
2.88549994e-08,1,1,1,1,1,1,1,1,1,1,1
2.89349994e-08,1,1,1,1,1,1,1,1,1,1,1
2.90149994e-08,1,1,1,1,1,1,1,1,1,1,1
2.90949994e-08,0,1,1,1,1,1,1,1,1,1,1
2.91749994e-08,0,1,1,1,1,1,1,1,1,1,1
2.92549994e-08,1,1,1,1,1,1,1,1,1,1,1
2.93349994e-08,1,1,1,1,1,1,1,1,0,1,0
2.94149994e-08,1,1,0,1,1,1,1,1,0,1,0
2.94949994e-08,0,1,0,1,1,1,1,1,0,1,0
2.95749994e-08,0,0,0,1,1,1,1,1,0,1,0
2.96549994e-08,0,0,0,1,1,1,1,1,0,1,0
2.97349994e-08,1,0,0,1,1,1,1,1,0,1,0
2.98149994e-08,1,0,0,1,1,1,1,1,0,1,0
2.98949994e-08,0,1,0,1,1,1,1,1,0,1,0
2.99749994e-08,0,1,0,1,1,1,1,1,0,1,0
3.00549994e-08,0,1,0,1,1,1,1,1,0,1,0
3.01349994e-08,1,1,0,1,0,1,1,1,1,0,1
3.02149994e-08,1,1,0,0,0,1,0,0,1,0,1
3.02949994e-08,0,1,0,0,0,1,0,0,1,0,1
3.03749994e-08,0,1,0,0,0,1,0,0,1,0,1
3.04549994e-08,0,1,0,0,0,1,0,0,1,0,1
3.05349994e-08,1,1,0,0,0,1,0,0,1,0,1
3.06149994e-08,1,1,0,0,0,1,0,0,1,0,1
3.06949994e-08,1,1,0,0,0,1,0,0,1,0,1
3.07749994e-08,0,1,0,0,0,1,0,0,1,0,1
3.08549994e-08,0,1,0,0,0,1,0,0,1,0,1
3.09349994e-08,1,1,0,1,1,1,1,0,1,0,1
3.10149994e-08,1,1,1,1,1,1,1,1,1,1,1
3.10949994e-08,1,1,1,1,1,1,1,1,1,1,1
3.11749994e-08,0,1,1,1,1,1,1,1,1,1,1
3.12549994e-08,0,1,1,1,1,1,1,1,1,1,1
3.13349994e-08,0,1,1,1,1,1,1,1,1,1,1
3.14149994e-08,1,1,1,1,1,1,1,1,1,1,1
3.14949994e-08,1,1,1,1,1,1,1,1,1,1,1
3.15749994e-08,0,1,1,1,1,1,1,1,1,1,1
3.16549994e-08,0,1,1,1,1,1,1,1,1,1,1
3.17349994e-08,0,1,1,1,1,1,1,1,1,1,1
3.18149994e-08,1,1,1,1,1,1,1,1,1,1,1
3.18949994e-08,1,1,1,1,1,1,1,1,1,1,1
3.19749994e-08,0,1,1,1,1,1,1,1,1,1,1
3.20549994e-08,0,1,1,1,1,1,1,1,1,1,1
3.21349994e-08,0,1,1,1,1,1,1,1,1,1,1
3.22149994e-08,1,1,1,1,1,1,1,1,1,1,1
3.22949994e-08,1,1,1,1,1,1,1,1,1,1,1
3.23749994e-08,1,1,1,1,1,1,1,1,1,1,1
3.24549994e-08,0,1,1,1,1,1,1,1,1,1,1
3.25349994e-08,0,1,1,1,1,1,1,1,1,1,1
3.26149994e-08,1,1,1,1,1,1,1,1,1,1,1
3.26949994e-08,1,1,0,1,1,1,1,0,0,1,0
3.27749994e-08,1,1,0,1,1,1,1,0,0,1,0
3.28549994e-08,0,1,0,1,1,1,1,0,0,1,0
3.29349994e-08,0,0,0,1,1,1,1,0,0,1,0
3.30149994e-08,0,0,0,1,1,1,1,0,0,1,0
3.30949994e-08,1,0,0,1,1,1,1,0,0,1,0
3.31749994e-08,1,0,0,1,1,1,1,0,0,1,0
3.32549994e-08,0,1,0,1,1,1,1,0,0,1,0
3.33349994e-08,0,1,0,1,1,1,1,0,0,1,0
3.34149994e-08,0,1,0,1,1,1,1,0,0,1,1
3.34949994e-08,1,1,0,1,0,1,1,0,1,0,1
3.35749994e-08,1,1,0,1,0,1,0,0,1,0,1
3.36549994e-08,0,1,0,1,0,1,0,0,1,0,1
3.37349994e-08,0,1,0,1,0,1,0,0,1,0,1
3.38149994e-08,0,1,0,1,0,1,0,0,1,0,1
3.38949994e-08,1,1,0,1,0,1,0,0,1,0,1
3.39749994e-08,1,1,0,1,0,1,0,0,1,0,1
3.40549994e-08,1,1,0,1,0,1,0,0,1,0,1
3.41349994e-08,0,1,0,1,0,1,0,0,1,0,1
3.42149994e-08,0,1,0,1,0,1,0,0,1,0,1
3.42949994e-08,1,1,0,1,1,1,1,0,1,0,1
3.43749994e-08,1,1,1,1,1,1,1,1,1,1,1
3.44549994e-08,1,1,1,1,1,1,1,1,1,1,1
3.45349994e-08,0,1,1,1,1,1,1,1,1,1,1
3.46149994e-08,0,1,1,1,1,1,1,1,1,1,1
3.46949994e-08,1,1,1,1,1,1,1,1,1,1,1
3.47749994e-08,1,1,1,1,1,1,1,1,1,1,1
3.48549994e-08,1,1,1,1,1,1,1,1,1,1,1
3.49349994e-08,0,1,1,1,1,1,1,1,1,1,1
3.50149994e-08,0,1,1,1,1,1,1,1,1,1,1
3.50949994e-08,0,1,1,1,1,1,1,1,1,1,1
3.51749994e-08,1,1,1,1,1,1,1,1,1,1,1
3.52549994e-08,1,1,1,1,1,1,1,1,1,1,1
3.53349994e-08,0,1,1,1,1,1,1,1,1,1,1
3.54149994e-08,0,1,1,1,1,1,1,1,1,1,1
3.54949994e-08,0,1,1,1,1,1,1,1,1,1,1
3.55749994e-08,1,1,1,1,1,1,1,1,1,1,1
3.56549994e-08,1,1,1,1,1,1,1,1,1,1,1
3.57349994e-08,1,1,1,1,1,1,1,1,1,1,1
3.58149994e-08,0,1,1,1,1,1,1,1,1,1,1
3.58949994e-08,0,1,1,1,1,1,1,1,1,1,1
3.59749994e-08,1,1,1,1,1,1,1,1,1,1,1
3.60549994e-08,1,1,0,1,1,1,1,1,0,1,0
3.61349994e-08,1,1,0,1,1,1,1,1,0,1,0
3.62149994e-08,0,1,0,1,1,1,1,1,0,1,0
3.62949994e-08,0,0,0,1,1,1,1,1,0,1,0
3.63749994e-08,1,0,0,1,1,1,1,1,0,1,0
3.64549994e-08,1,0,0,1,1,1,1,1,0,1,0
3.65349994e-08,1,0,0,1,1,1,1,1,0,1,0
3.66149994e-08,0,1,0,1,1,1,1,1,0,1,0
3.66949994e-08,0,1,0,1,1,1,1,1,0,1,0
3.67749994e-08,0,1,0,1,1,1,1,1,1,0,1
3.68549994e-08,1,1,0,1,0,1,1,1,1,0,1
3.69349994e-08,1,1,0,1,0,1,0,0,1,0,1
3.70149994e-08,0,1,0,1,0,1,0,0,1,0,1
3.70949994e-08,0,1,0,1,0,1,0,0,1,0,1
3.71749994e-08,0,1,0,1,0,1,0,0,1,0,1
3.72549994e-08,1,1,0,1,0,1,0,0,1,0,1
3.73349994e-08,1,1,0,1,0,1,0,0,1,0,1
3.74149994e-08,1,1,0,1,0,1,0,0,1,0,1
3.74949994e-08,0,1,0,1,0,1,0,0,1,0,1
3.75749994e-08,0,1,0,1,0,1,0,0,1,0,1
3.76549994e-08,1,1,1,1,1,1,1,0,1,0,1
3.77349994e-08,1,1,1,1,1,1,1,1,1,1,1
3.78149994e-08,1,1,1,1,1,1,1,1,1,1,1
3.78949994e-08,0,1,1,1,1,1,1,1,1,1,1
3.79749994e-08,0,1,1,1,1,1,1,1,1,1,1
3.80549994e-08,1,1,1,1,1,1,1,1,1,1,1
3.81349994e-08,1,1,1,1,1,1,1,1,1,1,1
3.82149994e-08,1,1,1,1,1,1,1,1,1,1,1
3.82949994e-08,0,1,1,1,1,1,1,1,1,1,1
3.83749994e-08,0,1,1,1,1,1,1,1,1,1,1
3.84549994e-08,0,1,1,1,1,1,1,1,1,1,1
3.85349994e-08,1,1,1,1,1,1,1,1,1,1,1
3.86149994e-08,1,1,1,1,1,1,1,1,1,1,1
3.86949994e-08,0,1,1,1,1,1,1,1,1,1,1
3.87749994e-08,0,1,1,1,1,1,1,1,1,1,1
3.88549994e-08,0,1,1,1,1,1,1,1,1,1,1
3.89349994e-08,1,1,1,1,1,1,1,1,1,1,1
3.90149994e-08,1,1,1,1,1,1,1,1,1,1,1
3.90949994e-08,0,1,1,1,1,1,1,1,1,1,1
3.91749994e-08,0,1,1,1,1,1,1,1,1,1,1
3.92549994e-08,0,1,1,1,1,1,1,1,1,1,1
3.93349994e-08,1,1,1,1,1,1,1,1,1,1,1
3.94149994e-08,1,1,0,1,1,1,1,0,0,1,0
3.94949994e-08,1,1,0,1,1,1,1,0,0,1,0
3.95749994e-08,0,1,0,1,1,1,1,0,0,1,0
3.96549994e-08,0,0,0,1,1,1,1,0,0,1,0
3.97349994e-08,1,0,0,1,1,1,1,0,0,1,0
3.98149994e-08,1,0,0,1,1,1,1,0,0,1,0
3.98949994e-08,1,0,0,1,1,1,1,0,0,1,0
3.99749994e-08,0,1,0,1,1,1,1,0,0,1,0
4.00549994e-08,0,1,0,1,1,1,1,0,0,1,0
4.01349994e-08,0,1,0,1,1,1,1,0,1,0,1
4.02149994e-08,1,1,0,1,0,1,1,0,1,0,1
4.02949994e-08,1,1,0,1,0,1,0,0,1,0,1
4.03749994e-08,0,1,0,1,0,1,0,0,1,0,1
4.04549994e-08,0,1,0,1,0,1,0,0,1,0,1
4.05349994e-08,0,1,0,1,0,1,0,0,1,0,1
4.06149994e-08,1,1,0,1,0,1,0,0,1,0,1
4.06949994e-08,1,1,0,1,0,1,0,0,1,0,1
4.07749994e-08,1,1,0,1,0,1,0,0,1,0,1
4.08549994e-08,0,1,0,1,0,1,0,0,1,0,1
4.09349994e-08,0,1,0,1,0,1,0,0,1,0,1
4.10149994e-08,1,1,0,1,1,1,1,0,1,0,1
4.10949994e-08,1,1,1,1,1,1,1,1,1,1,1
4.11749994e-08,1,1,1,1,1,1,1,1,1,1,1
4.12549994e-08,0,1,1,1,1,1,1,1,1,1,1
4.13349994e-08,0,1,1,1,1,1,1,1,1,1,1
4.14149994e-08,1,1,1,1,1,1,1,1,1,1,1
4.14949994e-08,1,1,1,1,1,1,1,1,1,1,1
4.15749994e-08,1,1,1,1,1,1,1,1,1,1,1
4.16549994e-08,0,1,1,1,1,1,1,1,1,1,1
4.17349994e-08,0,1,1,1,1,1,1,1,1,1,1
4.18149994e-08,0,1,1,1,1,1,1,1,1,1,1
4.18949994e-08,1,1,1,1,1,1,1,1,1,1,1
4.19749994e-08,1,1,1,1,1,1,1,1,1,1,1
4.20549994e-08,0,1,1,1,1,1,1,1,1,1,1
4.21349994e-08,0,1,1,1,1,1,1,1,1,1,1
4.22149994e-08,0,1,1,1,1,1,1,1,1,1,1
4.22949994e-08,1,1,1,1,1,1,1,1,1,1,1
4.23749994e-08,1,1,1,1,1,1,1,1,1,1,1
4.24549994e-08,0,1,1,1,1,1,1,1,1,1,1
4.25349994e-08,0,1,1,1,1,1,1,1,1,1,1
4.26149994e-08,0,1,1,1,1,1,1,1,1,1,1
4.26949994e-08,1,1,1,1,1,1,1,1,1,1,1
4.27749994e-08,1,1,0,1,1,1,1,1,0,1,0
4.28549994e-08,1,1,0,1,1,1,1,1,0,1,0
4.29349994e-08,0,1,0,1,1,1,1,1,0,1,0
4.30149994e-08,0,0,0,1,1,1,1,1,0,1,0
4.30949994e-08,1,0,0,1,1,1,1,1,0,1,0
4.31749994e-08,1,0,0,1,1,1,1,1,0,1,0
4.32549994e-08,1,0,0,1,1,1,1,1,0,1,0
4.33349994e-08,0,1,0,1,1,1,1,1,0,1,0
4.34149994e-08,0,1,0,1,1,1,1,1,0,1,0
4.34949994e-08,0,1,0,1,1,1,1,1,1,1,1
4.35749994e-08,1,1,0,1,0,1,1,1,1,0,1
4.36549994e-08,1,1,0,1,0,1,0,0,1,0,1
4.37349994e-08,0,1,0,1,0,1,0,0,1,0,1
4.38149994e-08,0,1,0,1,0,1,0,0,1,0,1
4.38949994e-08,0,1,0,1,0,1,0,0,1,0,1
4.39749994e-08,1,1,0,1,0,1,0,0,1,0,1
4.40549994e-08,1,1,0,1,0,1,0,0,1,0,1
4.41349994e-08,1,1,0,1,0,1,0,0,1,0,1
4.42149994e-08,0,1,0,1,0,1,0,0,1,0,1
4.42949994e-08,0,1,0,1,0,1,0,0,1,0,1
4.43749994e-08,1,1,0,1,1,1,1,0,1,0,1
4.44549994e-08,1,1,1,1,1,1,1,1,1,1,1
4.45349994e-08,1,1,1,1,1,1,1,1,1,1,1
4.46149994e-08,0,1,1,1,1,1,1,1,1,1,1
4.46949994e-08,0,1,1,1,1,1,1,1,1,1,1
4.47749994e-08,1,1,1,1,1,1,1,1,1,1,1
4.48549994e-08,1,1,1,1,1,1,1,1,1,1,1
4.49349994e-08,1,1,1,1,1,1,1,1,1,1,1
4.50149994e-08,0,1,1,1,1,1,1,1,1,1,1
4.50949994e-08,0,1,1,1,1,1,1,1,1,1,1
4.51749994e-08,0,1,1,1,1,1,1,1,1,1,1
4.52549994e-08,1,1,1,1,1,1,1,1,1,1,1
4.53349994e-08,1,1,1,1,1,1,1,1,1,1,1
4.54149994e-08,0,1,1,1,1,1,1,1,1,1,1
4.54949994e-08,0,1,1,1,1,1,1,1,1,1,1
4.55749994e-08,0,1,1,1,1,1,1,1,1,1,1
4.56549994e-08,1,1,1,1,1,1,1,1,1,1,1
4.57349994e-08,1,1,1,1,1,1,1,1,1,1,1
4.58149994e-08,0,1,1,1,1,1,1,1,1,1,1
4.58949994e-08,0,1,1,1,1,1,1,1,1,1,1
4.59749994e-08,0,1,1,1,1,1,1,1,1,1,1
4.60549994e-08,1,1,1,1,1,1,1,1,1,1,1
4.61349994e-08,1,1,0,1,1,1,1,0,0,1,0
4.62149994e-08,1,1,0,1,1,1,1,0,0,1,0
4.62949994e-08,0,1,0,1,1,1,1,0,0,1,0
4.63749994e-08,0,0,0,1,1,1,1,0,0,1,0
4.64549994e-08,1,0,0,1,1,1,1,0,0,1,0
4.65349994e-08,1,0,0,1,1,1,1,0,0,1,0
4.66149994e-08,1,0,0,1,1,1,1,0,0,1,0
4.66949994e-08,0,1,0,1,1,1,1,0,0,1,0
4.67749994e-08,0,1,0,1,1,1,1,0,0,1,0
4.68549994e-08,0,1,0,1,1,1,1,0,1,1,1
4.69349994e-08,1,1,0,1,0,1,1,0,1,1,1
4.70149994e-08,1,1,0,0,0,1,0,0,1,1,1
4.70949994e-08,0,1,0,0,0,1,0,0,1,1,1
4.71749994e-08,0,1,0,0,0,1,0,0,1,1,1
4.72549994e-08,0,1,0,0,0,1,0,0,1,1,1
4.73349994e-08,1,1,0,0,0,1,0,0,1,1,1
4.74149994e-08,1,1,0,0,0,1,0,0,1,1,1
4.74949994e-08,0,1,0,0,0,1,0,0,1,1,1
4.75749993e-08,0,1,0,0,0,1,0,0,1,1,1
4.76549993e-08,0,1,0,0,0,1,0,0,1,1,1
4.77349993e-08,1,1,0,1,1,1,1,0,1,1,1
4.78149993e-08,1,1,1,1,1,1,1,1,1,1,1
4.78949993e-08,1,1,1,1,1,1,1,1,1,1,1
4.79749993e-08,0,1,1,1,1,1,1,1,1,1,1
4.80549993e-08,0,1,1,1,1,1,1,1,1,1,1
4.81349993e-08,1,1,1,1,1,1,1,1,1,1,1
4.82149993e-08,1,1,1,1,1,1,1,1,1,1,1
4.82949993e-08,1,1,1,1,1,1,1,1,1,1,1
4.83749993e-08,0,1,1,1,1,1,1,1,1,1,1
4.84549993e-08,0,1,1,1,1,1,1,1,1,1,1
4.85349993e-08,1,1,1,1,1,1,1,1,1,1,1
4.86149993e-08,1,1,1,1,1,1,1,1,1,1,1
4.86949993e-08,1,1,1,1,1,1,1,1,1,1,1
4.87749993e-08,0,1,1,1,1,1,1,1,1,1,1
4.88549993e-08,0,1,1,1,1,1,1,1,1,1,1
4.89349993e-08,0,1,1,1,1,1,1,1,1,1,1
4.90149993e-08,1,1,1,1,1,1,1,1,1,1,1
4.90949993e-08,1,1,1,1,1,1,1,1,1,1,1
4.91749993e-08,0,1,1,1,1,1,1,1,1,1,1
4.92549993e-08,0,1,1,1,1,1,1,1,1,1,1
4.93349993e-08,0,1,1,1,1,1,1,1,1,1,1
4.94149993e-08,1,1,1,1,1,1,1,1,1,1,1
4.94949993e-08,1,1,1,1,1,1,1,1,1,1,1
4.95749993e-08,1,1,1,1,1,1,1,1,1,1,1
4.96549993e-08,0,1,1,1,1,1,1,1,1,1,1
4.97349993e-08,0,1,1,1,1,1,1,1,1,1,1
4.98149993e-08,1,1,1,1,1,1,1,1,1,1,1
4.98949993e-08,1,1,1,1,1,1,1,1,1,1,1
4.99749993e-08,1,1,1,1,1,1,1,1,1,1,1
5.00549993e-08,0,1,1,1,1,1,1,1,1,1,1
5.01349993e-08,0,1,1,1,1,1,1,1,1,1,1
5.02149993e-08,1,1,1,1,1,1,1,1,1,1,1
5.02949993e-08,1,1,1,1,1,1,1,1,1,1,1
5.03749993e-08,1,1,1,1,1,1,1,1,1,1,1
5.04549993e-08,0,1,1,1,1,1,1,1,1,1,1
5.05349993e-08,0,1,1,1,1,1,1,1,1,1,1
5.06149993e-08,0,1,1,1,1,1,1,1,1,1,1
5.06949993e-08,1,1,1,1,1,1,1,1,1,1,1
5.07749993e-08,1,1,1,1,1,1,1,1,1,1,1
5.08549993e-08,0,1,1,1,1,1,1,1,1,1,1
5.09349993e-08,0,1,1,1,1,1,1,1,1,1,1
5.10149993e-08,0,1,1,1,1,1,1,1,1,1,1
5.10949993e-08,1,1,1,1,1,1,1,1,1,1,1
5.11749993e-08,1,1,0,1,1,1,1,0,0,1,0
5.12549993e-08,1,1,0,1,1,1,1,0,0,1,0
5.13349993e-08,0,1,0,1,1,1,1,0,0,1,0
5.14149993e-08,0,0,0,1,1,1,1,0,0,1,0
5.14949993e-08,1,0,0,1,1,1,1,0,0,1,0
5.15749993e-08,1,0,0,1,1,1,1,0,0,1,0
5.16549993e-08,1,0,0,1,1,1,1,0,0,1,0
5.17349993e-08,0,1,0,1,1,1,1,0,0,1,0
5.18149993e-08,0,1,0,1,1,1,1,0,0,1,0
5.18949993e-08,0,1,0,1,1,1,1,0,1,1,1
5.19749993e-08,1,1,0,0,0,1,1,0,1,1,1
5.20549993e-08,1,1,0,0,0,1,0,0,1,1,1
5.21349993e-08,0,1,0,0,0,1,0,0,1,1,1
5.22149993e-08,0,1,0,0,0,1,0,0,1,1,1
5.22949993e-08,0,1,0,0,0,1,0,0,1,1,1
5.23749993e-08,1,1,0,0,0,1,0,0,1,1,1
5.24549993e-08,1,1,0,0,0,1,0,0,1,1,1
5.25349993e-08,0,1,0,0,0,1,0,0,1,1,1
5.26149993e-08,0,1,0,0,0,1,0,0,1,1,1
5.26949993e-08,0,1,0,0,0,1,0,0,1,1,1
5.27749993e-08,1,1,0,1,1,1,1,0,1,1,1
5.28549993e-08,1,1,1,1,1,1,1,1,1,1,1
5.29349993e-08,1,1,1,1,1,1,1,1,1,1,1
5.30149993e-08,0,1,1,1,1,1,1,1,1,1,1
5.30949993e-08,0,1,1,1,1,1,1,1,1,1,1
5.31749993e-08,1,1,1,1,1,1,1,1,1,1,1
5.32549993e-08,1,1,1,1,1,1,1,1,1,1,1
5.33349993e-08,1,1,1,1,1,1,1,1,1,1,1
5.34149993e-08,0,1,1,1,1,1,1,1,1,1,1
5.34949993e-08,0,1,1,1,1,1,1,1,1,1,1
5.35749993e-08,0,1,1,1,1,1,1,1,1,1,1
5.36549993e-08,1,1,1,1,1,1,1,1,1,1,1
5.37349993e-08,1,1,1,1,1,1,1,1,1,1,1
5.38149993e-08,0,1,1,1,1,1,1,1,1,1,1
5.38949993e-08,0,1,1,1,1,1,1,1,1,1,1
5.39749993e-08,0,1,1,1,1,1,1,1,1,1,1
5.40549993e-08,1,1,1,1,1,1,1,1,1,1,1
5.41349993e-08,1,1,1,1,1,1,1,1,1,1,1
5.42149993e-08,0,1,1,1,1,1,1,1,1,1,1
5.42949993e-08,0,1,1,1,1,1,1,1,1,1,1
5.43749993e-08,0,1,1,1,1,1,1,1,1,1,1
5.44549993e-08,1,1,1,1,1,1,1,1,1,1,1
5.45349993e-08,1,1,1,1,1,1,1,1,1,1,1
5.46149993e-08,1,1,1,1,1,1,1,1,1,1,1
5.46949993e-08,0,1,1,1,1,1,1,1,1,1,1
5.47749993e-08,0,1,1,1,1,1,1,1,1,1,1
5.48549993e-08,1,1,1,1,1,1,1,1,1,1,1
5.49349993e-08,1,1,1,1,1,1,1,1,1,1,1
5.50149993e-08,1,1,1,1,1,1,1,1,1,1,1
5.50949993e-08,0,1,1,1,1,1,1,1,1,1,1
5.51749993e-08,0,1,1,1,1,1,1,1,1,1,1
5.52549993e-08,1,1,1,1,1,1,1,1,1,1,1
5.53349993e-08,1,1,1,1,1,1,1,1,1,1,1
5.54149993e-08,1,1,1,1,1,1,1,1,1,1,1
5.54949993e-08,0,1,1,1,1,1,1,1,1,1,1
5.55749993e-08,0,1,1,1,1,1,1,1,1,1,1
5.56549993e-08,0,1,1,1,1,1,1,1,1,1,1
5.57349993e-08,1,1,1,1,1,1,1,1,1,1,1
5.58149993e-08,1,1,1,1,1,1,1,1,1,1,1
5.58949993e-08,0,1,1,1,1,1,1,1,1,1,1
5.59749993e-08,0,1,1,1,1,1,1,1,1,1,1
5.60549993e-08,0,1,1,1,1,1,1,1,1,1,1
5.61349993e-08,1,1,1,1,1,1,1,1,1,1,1
5.62149993e-08,1,1,1,1,1,1,1,1,1,1,1
5.62949993e-08,1,1,1,1,1,1,1,1,1,1,1
5.63749993e-08,0,1,1,1,1,1,1,1,1,1,1
5.64549993e-08,0,1,1,1,1,1,1,1,1,1,1
5.65349993e-08,1,1,1,1,1,1,1,1,1,1,1
5.66149993e-08,1,1,1,1,1,1,1,1,1,1,1
5.66949993e-08,1,1,1,1,1,1,1,1,1,1,1
5.67749993e-08,0,1,1,1,1,1,1,1,1,1,1
5.68549993e-08,0,1,1,1,1,1,1,1,1,1,1
5.69349993e-08,1,1,1,1,1,1,1,1,1,1,1
5.70149993e-08,1,1,1,1,1,1,1,1,1,1,1
5.70949993e-08,1,1,1,1,1,1,1,1,1,1,1
5.71749993e-08,0,1,1,1,1,1,1,1,1,1,1
5.72549993e-08,0,1,1,1,1,1,1,1,1,1,1
5.73349993e-08,0,1,1,1,1,1,1,1,1,1,1
5.74149993e-08,1,1,1,1,1,1,1,1,1,1,1
5.74949993e-08,1,1,1,1,1,1,1,1,1,1,1
5.75749993e-08,0,1,1,1,1,1,1,1,1,1,1
5.76549993e-08,0,1,1,1,1,1,1,1,1,1,1
5.77349993e-08,0,1,1,1,1,1,1,1,1,1,1
5.78149993e-08,1,1,1,1,1,1,1,1,1,1,1
5.78949993e-08,1,1,1,1,1,1,1,1,1,1,1
5.79749993e-08,1,1,1,1,1,1,1,1,1,1,1
5.80549993e-08,0,1,1,1,1,1,1,1,1,1,1
5.81349993e-08,0,1,1,1,1,1,1,1,1,1,1
5.82149993e-08,1,1,1,1,1,1,1,1,1,1,1
5.82949993e-08,1,1,1,1,1,1,1,1,1,1,1
5.83749993e-08,1,1,1,1,1,1,1,1,1,1,1
5.84549993e-08,0,1,1,1,1,1,1,1,1,1,1
5.85349993e-08,0,1,1,1,1,1,1,1,1,1,1
5.86149993e-08,1,1,1,1,1,1,1,1,1,1,1
5.86949993e-08,1,1,1,1,1,1,1,1,1,1,1
5.87749993e-08,1,1,1,1,1,1,1,1,1,1,1
5.88549993e-08,0,1,1,1,1,1,1,1,1,1,1
5.89349993e-08,0,1,1,1,1,1,1,1,1,1,1
5.90149993e-08,0,1,1,1,1,1,1,1,1,1,1
5.90949993e-08,1,1,1,1,1,1,1,1,1,1,1
5.91749993e-08,1,1,1,1,1,1,1,1,1,1,1
5.92549993e-08,0,1,1,1,1,1,1,1,1,1,1
5.93349993e-08,0,1,1,1,1,1,1,1,1,1,1
5.94149993e-08,0,1,1,1,1,1,1,1,1,1,1
5.94949993e-08,1,1,1,1,1,1,1,1,1,1,1
5.95749993e-08,1,1,1,1,1,1,1,1,1,1,1
5.96549993e-08,1,1,1,1,1,1,1,1,1,1,1
5.97349993e-08,0,1,1,1,1,1,1,1,1,1,1
5.98149993e-08,0,1,1,1,1,1,1,1,1,1,1
5.98949993e-08,1,1,1,1,1,1,1,1,1,1,1
5.99749993e-08,1,1,1,1,1,1,1,1,1,1,1
6.00549993e-08,1,1,1,1,1,1,1,1,1,1,1
6.01349993e-08,0,1,1,1,1,1,1,1,1,1,1
6.02149993e-08,0,1,1,1,1,1,1,1,1,1,1
6.02949993e-08,1,1,1,1,1,1,1,1,1,1,1
6.03749993e-08,1,1,1,1,1,1,1,1,1,1,1
6.04549993e-08,1,1,1,1,1,1,1,1,1,1,1
6.05349993e-08,0,1,1,1,1,1,1,1,1,1,1
6.06149993e-08,0,1,1,1,1,1,1,1,1,1,1
6.06949993e-08,0,1,1,1,1,1,1,1,1,1,1
6.07749993e-08,1,1,1,1,1,1,1,1,1,1,1
6.08549993e-08,1,1,1,1,1,1,1,1,1,1,1
6.09349993e-08,0,1,1,1,1,1,1,1,1,1,1
6.10149993e-08,0,1,1,1,1,1,1,1,1,1,1
6.10949993e-08,0,1,1,1,1,1,1,1,1,1,1
6.11749993e-08,1,1,1,1,1,1,1,1,1,1,1
6.12549993e-08,1,1,1,1,1,1,1,1,1,1,1
6.13349993e-08,1,1,1,1,1,1,1,1,1,1,1
6.14149993e-08,0,1,1,1,1,1,1,1,1,1,1
6.14949993e-08,0,1,1,1,1,1,1,1,1,1,1
6.15749993e-08,1,1,1,1,1,1,1,1,1,1,1
6.16549993e-08,1,1,1,1,1,1,1,1,1,1,1
6.17349993e-08,1,1,1,1,1,1,1,1,1,1,1
6.18149993e-08,0,1,1,1,1,1,1,1,1,1,1
6.18949993e-08,0,1,1,1,1,1,1,1,1,1,1
6.19749993e-08,1,1,1,1,1,1,1,1,1,1,1
6.20549993e-08,1,1,0,1,1,1,1,0,0,1,0
6.21349993e-08,1,1,0,1,1,1,1,0,0,1,0
6.22149993e-08,0,1,0,1,1,1,1,0,0,1,0
6.22949993e-08,0,0,0,1,1,1,1,0,0,1,0
6.23749993e-08,0,0,0,1,1,1,1,0,0,1,0
6.24549993e-08,1,0,0,1,1,1,1,0,0,1,0
6.25349993e-08,1,0,0,1,1,1,1,0,0,1,0
6.26149993e-08,0,1,0,1,1,1,1,0,0,1,0
6.26949993e-08,0,1,0,1,1,1,1,0,0,1,0
6.27749993e-08,0,1,0,1,1,1,1,0,0,1,0
6.28549993e-08,1,1,0,1,0,1,1,0,1,1,1
6.29349993e-08,1,1,0,1,0,1,0,0,1,1,1
6.30149993e-08,1,1,0,1,0,1,0,0,1,1,1
6.30949993e-08,0,1,0,1,0,1,0,0,1,1,1
6.31749993e-08,0,1,0,1,0,1,0,0,1,1,1
6.32549993e-08,1,1,0,1,0,1,0,0,1,1,1
6.33349993e-08,1,1,0,1,0,1,0,0,1,1,1
6.34149993e-08,1,1,0,1,0,1,0,0,1,1,1
6.34949993e-08,0,1,0,1,0,1,0,0,1,1,1
6.35749993e-08,0,1,0,1,0,1,0,0,1,1,1
6.36549993e-08,1,1,0,1,1,1,1,0,1,1,1
6.37349993e-08,1,1,1,1,1,1,1,1,1,1,1
6.38149993e-08,1,1,1,1,1,1,1,1,1,1,1
6.38949993e-08,0,1,1,1,1,1,1,1,1,1,1
6.39749993e-08,0,1,1,1,1,1,1,1,1,1,1
6.40549993e-08,0,1,1,1,1,1,1,1,1,1,1
6.41349993e-08,1,1,1,1,1,1,1,1,1,1,1
6.42149993e-08,1,1,1,1,1,1,1,1,1,1,1
6.42949993e-08,0,1,1,1,1,1,1,1,1,1,1
6.43749993e-08,0,1,1,1,1,1,1,1,1,1,1
6.44549993e-08,0,1,1,1,1,1,1,1,1,1,1
6.45349993e-08,1,1,1,1,1,1,1,1,1,1,1
6.46149993e-08,1,1,1,1,1,1,1,1,1,1,1
6.46949993e-08,0,1,1,1,1,1,1,1,1,1,1
6.47749993e-08,0,1,1,1,1,1,1,1,1,1,1
6.48549993e-08,0,1,1,1,1,1,1,1,1,1,1
6.49349993e-08,1,1,1,1,1,1,1,1,1,1,1
6.50149993e-08,1,1,1,1,1,1,1,1,1,1,1
6.50949993e-08,1,1,1,1,1,1,1,1,1,1,1
6.51749993e-08,0,1,1,1,1,1,1,1,1,1,1
6.52549993e-08,0,1,1,1,1,1,1,1,1,1,1
6.53349993e-08,1,1,1,1,1,1,1,1,1,1,1
6.54149993e-08,1,1,1,1,1,1,1,1,1,1,1
6.54949993e-08,1,1,1,1,1,1,1,1,1,1,1
6.55749993e-08,0,1,1,1,1,1,1,1,1,1,1
6.56549993e-08,0,1,1,1,1,1,1,1,1,1,1
6.57349993e-08,0,1,1,1,1,1,1,1,1,1,1
6.58149993e-08,1,1,1,1,1,1,1,1,1,1,1
6.58949993e-08,1,1,1,1,1,1,1,1,1,1,1
6.59749993e-08,0,1,1,1,1,1,1,1,1,1,1
6.60549993e-08,0,1,1,1,1,1,1,1,1,1,1
6.61349993e-08,0,1,1,1,1,1,1,1,1,1,1
6.62149993e-08,1,1,1,1,1,1,1,1,0,1,0
6.62949993e-08,1,1,0,1,1,1,1,1,0,1,0
6.63749993e-08,0,1,0,1,1,1,1,1,0,1,0
6.64549993e-08,0,0,0,1,1,1,1,1,0,1,0
6.65349993e-08,0,0,0,1,1,1,1,1,0,1,0
6.66149993e-08,1,0,0,1,1,1,1,1,0,1,0
6.66949993e-08,1,0,0,1,1,1,1,1,0,1,0
6.67749993e-08,1,0,0,1,1,1,1,1,0,1,0
6.68549993e-08,0,1,0,1,1,1,1,1,0,1,0
6.69349993e-08,0,1,0,1,1,1,1,1,0,1,0
6.70149993e-08,1,1,0,1,1,1,1,1,1,1,1
6.70949993e-08,1,1,0,0,0,1,1,1,1,1,1
6.71749993e-08,1,1,0,0,0,1,0,0,1,1,1
6.72549993e-08,0,1,0,0,0,1,0,0,1,1,1
6.73349993e-08,0,1,0,0,0,1,0,0,1,1,1
6.74149993e-08,1,1,0,0,0,1,0,0,1,1,1
6.74949993e-08,1,1,0,0,0,1,0,0,1,1,1
6.75749993e-08,1,1,0,0,0,1,0,0,1,1,1
6.76549993e-08,0,1,0,0,0,1,0,0,1,1,1
6.77349993e-08,0,1,0,0,0,1,0,0,1,1,1
6.78149993e-08,0,1,0,0,1,1,1,0,1,1,1
6.78949993e-08,1,1,1,1,1,1,1,1,1,1,1
6.79749993e-08,1,1,1,1,1,1,1,1,1,1,1
6.80549993e-08,0,1,1,1,1,1,1,1,1,1,1
6.81349993e-08,0,1,1,1,1,1,1,1,1,1,1
6.82149993e-08,0,1,1,1,1,1,1,1,1,1,1
6.82949993e-08,1,1,1,1,1,1,1,1,1,1,1
6.83749993e-08,1,1,1,1,1,1,1,1,1,1,1
6.84549993e-08,1,1,1,1,1,1,1,1,1,1,1
6.85349993e-08,0,1,1,1,1,1,1,1,1,1,1
6.86149993e-08,0,1,1,1,1,1,1,1,1,1,1
6.86949993e-08,1,1,1,1,1,1,1,1,1,1,1
6.87749993e-08,1,1,1,1,1,1,1,1,1,1,1
6.88549993e-08,1,1,1,1,1,1,1,1,1,1,1
6.89349993e-08,0,1,1,1,1,1,1,1,1,1,1
6.90149993e-08,0,1,1,1,1,1,1,1,1,1,1
6.90949993e-08,1,1,1,1,1,1,1,1,1,1,1
6.91749993e-08,1,1,1,1,1,1,1,1,1,1,1
6.92549993e-08,1,1,1,1,1,1,1,1,1,1,1
6.93349993e-08,0,1,1,1,1,1,1,1,1,1,1
6.94149993e-08,0,1,1,1,1,1,1,1,1,1,1
6.94949993e-08,0,1,1,1,1,1,1,1,1,1,1
6.95749993e-08,1,1,1,1,1,1,1,1,0,1,0
6.96549993e-08,1,1,0,1,1,1,1,0,0,1,0
6.97349993e-08,0,1,0,1,1,1,1,0,0,1,0
6.98149993e-08,0,0,0,1,1,1,1,0,0,1,0
6.98949993e-08,0,0,0,1,1,1,1,0,0,1,0
6.99749993e-08,1,0,0,1,1,1,1,0,0,1,0
7.00549993e-08,1,0,0,1,1,1,1,0,0,1,0
7.01349993e-08,1,1,0,1,1,1,1,0,0,1,0
7.02149993e-08,0,1,0,1,1,1,1,0,0,1,0
7.02949993e-08,0,1,0,1,1,1,1,0,0,1,0
7.03749993e-08,1,1,0,1,1,1,1,0,1,1,1
7.04549993e-08,1,1,0,1,0,1,1,0,1,1,1
7.05349993e-08,1,1,0,1,0,1,0,0,1,1,1
7.06149993e-08,0,1,0,1,0,1,0,0,1,1,1
7.06949993e-08,0,1,0,1,0,1,0,0,1,1,1
7.07749993e-08,1,1,0,1,0,1,0,0,1,1,1
7.08549993e-08,1,1,0,1,0,1,0,0,1,1,1
7.09349993e-08,1,1,0,1,0,1,0,0,1,1,1
7.10149993e-08,0,1,0,1,0,1,0,0,1,1,1
7.10949993e-08,0,1,0,1,0,1,0,0,1,1,1
7.11749993e-08,0,1,0,1,1,1,1,0,1,1,1
7.12549993e-08,1,1,1,1,1,1,1,1,1,1,1
7.13349993e-08,1,1,1,1,1,1,1,1,1,1,1
7.14149993e-08,0,1,1,1,1,1,1,1,1,1,1
7.14949993e-08,0,1,1,1,1,1,1,1,1,1,1
7.15749993e-08,0,1,1,1,1,1,1,1,1,1,1
7.16549993e-08,1,1,1,1,1,1,1,1,1,1,1
7.17349993e-08,1,1,1,1,1,1,1,1,1,1,1
7.18149993e-08,1,1,1,1,1,1,1,1,1,1,1
7.18949993e-08,0,1,1,1,1,1,1,1,1,1,1
7.19749993e-08,0,1,1,1,1,1,1,1,1,1,1
7.20549993e-08,1,1,1,1,1,1,1,1,1,1,1
7.21349993e-08,1,1,1,1,1,1,1,1,1,1,1
7.22149993e-08,1,1,1,1,1,1,1,1,1,1,1
7.22949993e-08,0,1,1,1,1,1,1,1,1,1,1
7.23749993e-08,0,1,1,1,1,1,1,1,1,1,1
7.24549993e-08,1,1,1,1,1,1,1,1,1,1,1
7.25349993e-08,1,1,1,1,1,1,1,1,1,1,1
7.26149992e-08,1,1,1,1,1,1,1,1,1,1,1
7.26949992e-08,0,1,1,1,1,1,1,1,1,1,1
7.27749992e-08,0,1,1,1,1,1,1,1,1,1,1
7.28549992e-08,1,1,1,1,1,1,1,1,1,1,1
7.29349992e-08,1,1,1,1,1,1,1,1,1,1,1
7.30149992e-08,1,1,1,1,1,1,1,1,1,1,1
7.30949992e-08,0,1,1,1,1,1,1,1,1,1,1
7.31749992e-08,0,1,1,1,1,1,1,1,1,1,1
7.32549992e-08,0,1,1,1,1,1,1,1,1,1,1
7.33349992e-08,1,1,1,1,1,1,1,1,1,1,1
7.34149992e-08,1,1,1,1,1,1,1,1,1,1,1
7.34949992e-08,0,1,1,1,1,1,1,1,1,1,1
7.35749992e-08,0,1,1,1,1,1,1,1,1,1,1
7.36549992e-08,0,1,1,1,1,1,1,1,1,1,1
7.37349992e-08,1,1,1,1,1,1,1,1,1,1,1
7.38149992e-08,1,1,1,1,1,1,1,1,1,1,1
7.38949992e-08,1,1,1,1,1,1,1,1,1,1,1
7.39749992e-08,0,1,1,1,1,1,1,1,1,1,1
7.40549992e-08,0,1,1,1,1,1,1,1,1,1,1
7.41349992e-08,1,1,1,1,1,1,1,1,1,1,1
7.42149992e-08,1,1,1,1,1,1,1,1,1,1,1
7.42949992e-08,1,1,1,1,1,1,1,1,1,1,1
7.43749992e-08,0,1,1,1,1,1,1,1,1,1,1
7.44549992e-08,0,1,1,1,1,1,1,1,1,1,1
7.45349992e-08,1,1,1,1,1,1,1,1,1,1,1
7.46149992e-08,1,1,1,1,1,1,1,1,1,1,1
7.46949992e-08,1,1,1,1,1,1,1,1,1,1,1
7.47749992e-08,0,1,1,1,1,1,1,1,1,1,1
7.48549992e-08,0,1,1,1,1,1,1,1,1,1,1
7.49349992e-08,0,1,1,1,1,1,1,1,1,1,1
7.50149992e-08,1,1,1,1,1,1,1,1,1,1,1
7.50949992e-08,1,1,1,1,1,1,1,1,1,1,1
7.51749992e-08,0,1,1,1,1,1,1,1,1,1,1
7.52549992e-08,0,1,1,1,1,1,1,1,1,1,1
7.53349992e-08,0,1,1,1,1,1,1,1,1,1,1
7.54149992e-08,1,1,1,1,1,1,1,1,1,1,1
7.54949992e-08,1,1,1,1,1,1,1,1,1,1,1
7.55749992e-08,1,1,1,1,1,1,1,1,1,1,1
7.56549992e-08,0,1,1,1,1,1,1,1,1,1,1
7.57349992e-08,0,1,1,1,1,1,1,1,1,1,1
7.58149992e-08,1,1,1,1,1,1,1,1,1,1,1
7.58949992e-08,1,1,1,1,1,1,1,1,1,1,1
7.59749992e-08,1,1,1,1,1,1,1,1,1,1,1
7.60549992e-08,0,1,1,1,1,1,1,1,1,1,1
7.61349992e-08,0,1,1,1,1,1,1,1,1,1,1
7.62149992e-08,1,1,1,1,1,1,1,1,1,1,1
7.62949992e-08,1,1,1,1,1,1,1,1,1,1,1
7.63749992e-08,1,1,1,1,1,1,1,1,1,1,1
7.64549992e-08,0,1,1,1,1,1,1,1,1,1,1
7.65349992e-08,0,1,1,1,1,1,1,1,1,1,1
7.66149992e-08,1,1,1,1,1,1,1,1,1,1,1
7.66949992e-08,1,1,1,1,1,1,1,1,1,1,1
7.67749992e-08,1,1,1,1,1,1,1,1,1,1,1
7.68549992e-08,0,1,1,1,1,1,1,1,1,1,1
7.69349992e-08,0,1,1,1,1,1,1,1,1,1,1
7.70149992e-08,0,1,1,1,1,1,1,1,1,1,1
7.70949992e-08,1,1,1,1,1,1,1,1,1,1,1
7.71749992e-08,1,1,1,1,1,1,1,1,1,1,1
7.72549992e-08,0,1,1,1,1,1,1,1,1,1,1
7.73349992e-08,0,1,1,1,1,1,1,1,1,1,1
7.74149992e-08,0,1,1,1,1,1,1,1,1,1,1
7.74949992e-08,1,1,1,1,1,1,1,1,1,1,1
7.75749992e-08,1,1,1,1,1,1,1,1,1,1,1
7.76549992e-08,1,1,1,1,1,1,1,1,1,1,1
7.77349992e-08,0,1,1,1,1,1,1,1,1,1,1
7.78149992e-08,0,1,1,1,1,1,1,1,1,1,1
7.78949992e-08,1,1,1,1,1,1,1,1,1,1,1
7.79749992e-08,1,1,1,1,1,1,1,1,1,1,1
7.80549992e-08,1,1,1,1,1,1,1,1,1,1,1
7.81349992e-08,0,1,1,1,1,1,1,1,1,1,1
7.82149992e-08,0,1,1,1,1,1,1,1,1,1,1
7.82949992e-08,1,1,1,1,1,1,1,1,1,1,1
7.83749992e-08,1,1,1,1,1,1,1,1,1,1,1
7.84549992e-08,1,1,1,1,1,1,1,1,1,1,1
7.85349992e-08,0,1,1,1,1,1,1,1,1,1,1
7.86149992e-08,0,1,1,1,1,1,1,1,1,1,1
7.86949992e-08,0,1,1,1,1,1,1,1,1,1,1
7.87749992e-08,1,1,1,1,1,1,1,1,1,1,1
7.88549992e-08,1,1,1,1,1,1,1,1,1,1,1
7.89349992e-08,0,1,1,1,1,1,1,1,1,1,1
7.90149992e-08,0,1,1,1,1,1,1,1,1,1,1
7.90949992e-08,0,1,1,1,1,1,1,1,1,1,1
7.91749992e-08,1,1,1,1,1,1,1,1,1,1,1
7.92549992e-08,1,1,1,1,1,1,1,1,1,1,1
7.93349992e-08,0,1,1,1,1,1,1,1,1,1,1
7.94149992e-08,0,1,1,1,1,1,1,1,1,1,1
7.94949992e-08,0,1,1,1,1,1,1,1,1,1,1
7.95749992e-08,1,1,1,1,1,1,1,1,1,1,1
7.96549992e-08,1,1,1,1,1,1,1,1,1,1,1
7.97349992e-08,1,1,1,1,1,1,1,1,1,1,1
7.98149992e-08,0,1,1,1,1,1,1,1,1,1,1
7.98949992e-08,0,1,1,1,1,1,1,1,1,1,1
7.99749992e-08,1,1,1,1,1,1,1,1,1,1,1
8.00549992e-08,1,1,1,1,1,1,1,1,1,1,1
8.01349992e-08,1,1,1,1,1,1,1,1,1,1,1
8.02149992e-08,0,1,1,1,1,1,1,1,1,1,1
8.02949992e-08,0,1,1,1,1,1,1,1,1,1,1
8.03749992e-08,1,1,1,1,1,1,1,1,1,1,1
8.04549992e-08,1,1,1,1,1,1,1,1,1,1,1
8.05349992e-08,1,1,1,1,1,1,1,1,1,1,1
8.06149992e-08,0,1,1,1,1,1,1,1,1,1,1
8.06949992e-08,0,1,1,1,1,1,1,1,1,1,1
8.07749992e-08,0,1,1,1,1,1,1,1,1,1,1
8.08549992e-08,1,1,1,1,1,1,1,1,1,1,1
8.09349992e-08,1,1,1,1,1,1,1,1,1,1,1
8.10149992e-08,0,1,1,1,1,1,1,1,1,1,1
8.10949992e-08,0,1,1,1,1,1,1,1,1,1,1
8.11749992e-08,0,1,1,1,1,1,1,1,1,1,1
8.12549992e-08,1,1,1,1,1,1,1,1,1,1,1
8.13349992e-08,1,1,1,1,1,1,1,1,1,1,1
8.14149992e-08,1,1,1,1,1,1,1,1,1,1,1
8.14949992e-08,0,1,1,1,1,1,1,1,1,1,1
8.15749992e-08,0,1,1,1,1,1,1,1,1,1,1
8.16549992e-08,1,1,1,1,1,1,1,1,1,1,1
8.17349992e-08,1,1,1,1,1,1,1,1,1,1,1
8.18149992e-08,1,1,1,1,1,1,1,1,1,1,1
8.18949992e-08,0,1,1,1,1,1,1,1,1,1,1
8.19749992e-08,0,1,1,1,1,1,1,1,1,1,1
8.20549992e-08,1,1,1,1,1,1,1,1,1,1,1
8.21349992e-08,1,1,1,1,1,1,1,1,1,1,1
8.22149992e-08,1,1,1,1,1,1,1,1,1,1,1
8.22949992e-08,0,1,1,1,1,1,1,1,1,1,1
8.23749992e-08,0,1,1,1,1,1,1,1,1,1,1
8.24549992e-08,0,1,1,1,1,1,1,1,1,1,1
8.25349992e-08,1,1,1,1,1,1,1,1,1,1,1
8.26149992e-08,1,1,1,1,1,1,1,1,1,1,1
8.26949992e-08,0,1,1,1,1,1,1,1,1,1,1
8.27749992e-08,0,1,1,1,1,1,1,1,1,1,1
8.28549992e-08,0,1,1,1,1,1,1,1,1,1,1
8.29349992e-08,1,1,1,1,1,1,1,1,1,1,1
8.30149992e-08,1,1,1,1,1,1,1,1,1,1,1
8.30949992e-08,0,1,1,1,1,1,1,1,1,1,1
8.31749992e-08,0,1,1,1,1,1,1,1,1,1,1
8.32549992e-08,0,1,1,1,1,1,1,1,1,1,1
8.33349992e-08,1,1,1,1,1,1,1,1,1,1,1
8.34149992e-08,1,1,1,1,1,1,1,1,1,1,1
8.34949992e-08,1,1,1,1,1,1,1,1,1,1,1
8.35749992e-08,0,1,1,1,1,1,1,1,1,1,1
8.36549992e-08,0,1,1,1,1,1,1,1,1,1,1
8.37349992e-08,1,1,1,1,1,1,1,1,1,1,1
8.38149992e-08,1,1,1,1,1,1,1,1,1,1,1
8.38949992e-08,1,1,1,1,1,1,1,1,1,1,1
8.39749992e-08,0,1,1,1,1,1,1,1,1,1,1
8.40549992e-08,0,1,1,1,1,1,1,1,1,1,1
8.41349992e-08,1,1,1,1,1,1,1,1,1,1,1
8.42149992e-08,1,1,1,1,1,1,1,1,1,1,1
8.42949992e-08,1,1,1,1,1,1,1,1,1,1,1
8.43749992e-08,0,1,1,1,1,1,1,1,1,1,1
8.44549992e-08,0,1,1,1,1,1,1,1,1,1,1
8.45349992e-08,0,1,1,1,1,1,1,1,1,1,1
8.46149992e-08,1,1,1,1,1,1,1,1,1,1,1
8.46949992e-08,1,1,1,1,1,1,1,1,1,1,1
8.47749992e-08,0,1,1,1,1,1,1,1,1,1,1
8.48549992e-08,0,1,1,1,1,1,1,1,1,1,1
8.49349992e-08,0,1,1,1,1,1,1,1,1,1,1
8.50149992e-08,1,1,1,1,1,1,1,1,1,1,1
8.50949992e-08,1,1,1,1,1,1,1,1,1,1,1
8.51749992e-08,1,1,1,1,1,1,1,1,1,1,1
8.52549992e-08,0,1,1,1,1,1,1,1,1,1,1
8.53349992e-08,0,1,1,1,1,1,1,1,1,1,1
8.54149992e-08,1,1,1,1,1,1,1,1,1,1,1
8.54949992e-08,1,1,1,1,1,1,1,1,1,1,1
8.55749992e-08,1,1,1,1,1,1,1,1,1,1,1
8.56549992e-08,0,1,1,1,1,1,1,1,1,1,1
8.57349992e-08,0,1,1,1,1,1,1,1,1,1,1
8.58149992e-08,1,1,1,1,1,1,1,1,1,1,1
8.58949992e-08,1,1,1,1,1,1,1,1,1,1,1
8.59749992e-08,1,1,1,1,1,1,1,1,1,1,1
8.60549992e-08,0,1,1,1,1,1,1,1,1,1,1
8.61349992e-08,0,1,1,1,1,1,1,1,1,1,1
8.62149992e-08,1,1,1,1,1,1,1,1,1,1,1
8.62949992e-08,1,1,1,1,1,1,1,1,1,1,1
8.63749992e-08,1,1,1,1,1,1,1,1,1,1,1
8.64549992e-08,0,1,1,1,1,1,1,1,1,1,1
8.65349992e-08,0,1,1,1,1,1,1,1,1,1,1
8.66149992e-08,0,1,1,1,1,1,1,1,1,1,1
8.66949992e-08,1,1,1,1,1,1,1,1,1,1,1
8.67749992e-08,1,1,1,1,1,1,1,1,1,1,1
8.68549992e-08,0,1,1,1,1,1,1,1,1,1,1
8.69349992e-08,0,1,1,1,1,1,1,1,1,1,1
8.70149992e-08,0,1,1,1,1,1,1,1,1,1,1
8.70949992e-08,1,1,1,1,1,1,1,1,1,1,1
8.71749992e-08,1,1,1,1,1,1,1,1,1,1,1
8.72549992e-08,1,1,1,1,1,1,1,1,1,1,1
8.73349992e-08,0,1,1,1,1,1,1,1,1,1,1
8.74149992e-08,0,1,1,1,1,1,1,1,1,1,1
8.74949992e-08,1,1,1,1,1,1,1,1,1,1,1
8.75749992e-08,1,1,1,1,1,1,1,1,1,1,1
8.76549992e-08,1,1,1,1,1,1,1,1,1,1,1
8.77349992e-08,0,1,1,1,1,1,1,1,1,1,1
8.78149992e-08,0,1,1,1,1,1,1,1,1,1,1
8.78949992e-08,1,1,1,1,1,1,1,1,1,1,1
8.79749992e-08,1,1,1,1,1,1,1,1,1,1,1
8.80549992e-08,1,1,1,1,1,1,1,1,1,1,1
8.81349992e-08,0,1,1,1,1,1,1,1,1,1,1
8.82149992e-08,0,1,1,1,1,1,1,1,1,1,1
8.82949992e-08,1,1,1,1,1,1,1,1,1,1,1
8.83749992e-08,1,1,1,1,1,1,1,1,1,1,1
8.84549992e-08,1,1,1,1,1,1,1,1,1,1,1
8.85349992e-08,0,1,1,1,1,1,1,1,1,1,1
8.86149992e-08,0,1,1,1,1,1,1,1,1,1,1
8.86949992e-08,0,1,1,1,1,1,1,1,1,1,1
8.87749992e-08,1,1,1,1,1,1,1,1,1,1,1
8.88549992e-08,1,1,1,1,1,1,1,1,1,1,1
8.89349992e-08,0,1,1,1,1,1,1,1,1,1,1
8.90149992e-08,0,1,1,1,1,1,1,1,1,1,1
8.90949992e-08,0,1,1,1,1,1,1,1,1,1,1
8.91749992e-08,1,1,1,1,1,1,1,1,1,1,1
8.92549992e-08,1,1,1,1,1,1,1,1,1,1,1
8.93349992e-08,1,1,1,1,1,1,1,1,1,1,1
8.94149992e-08,0,1,1,1,1,1,1,1,1,1,1
8.94949992e-08,0,1,1,1,1,1,1,1,1,1,1
8.95749992e-08,1,1,1,1,1,1,1,1,1,1,1
8.96549992e-08,1,1,1,1,1,1,1,1,1,1,1
8.97349992e-08,1,1,1,1,1,1,1,1,1,1,1
8.98149992e-08,0,1,1,1,1,1,1,1,1,1,1
8.98949992e-08,0,1,1,1,1,1,1,1,1,1,1
8.99749992e-08,1,1,1,1,1,1,1,1,1,1,1
9.00549992e-08,1,1,1,1,1,1,1,1,1,1,1
9.01349992e-08,1,1,1,1,1,1,1,1,1,1,1
9.02149992e-08,0,1,1,1,1,1,1,1,1,1,1
9.02949992e-08,0,1,1,1,1,1,1,1,1,1,1
9.03749992e-08,0,1,1,1,1,1,1,1,1,1,1
9.04549992e-08,1,1,1,1,1,1,1,1,0,1,0
9.05349992e-08,1,1,0,1,1,1,1,1,0,1,0
9.06149992e-08,0,1,0,1,1,1,1,1,0,1,0
9.06949992e-08,0,0,0,1,1,1,1,1,0,1,0
9.07749992e-08,0,0,0,1,1,1,1,1,0,1,0
9.08549992e-08,1,0,0,1,1,1,1,1,0,1,0
9.09349992e-08,1,0,0,1,1,1,1,1,0,1,0
9.10149992e-08,1,1,0,1,1,1,1,1,0,1,0
9.10949992e-08,0,1,0,1,1,1,1,1,0,1,0
9.11749992e-08,0,1,0,1,1,1,1,1,0,1,0
9.12549992e-08,1,1,0,1,0,1,1,1,1,1,1
9.13349992e-08,1,1,0,0,0,1,1,0,1,1,1
9.14149992e-08,1,1,0,0,0,1,0,0,1,1,1
9.14949992e-08,0,1,0,0,0,1,0,0,1,1,1
9.15749992e-08,0,1,0,0,0,1,0,0,1,1,1
9.16549992e-08,1,1,0,0,0,1,0,0,1,1,1
9.17349992e-08,1,1,0,0,0,1,0,0,1,1,1
9.18149992e-08,1,1,0,0,0,1,0,0,1,1,1
9.18949992e-08,0,1,0,0,0,1,0,0,1,1,1
9.19749992e-08,0,1,0,0,0,1,0,0,1,1,1
9.20549992e-08,1,1,0,1,1,1,1,0,1,1,1
9.21349992e-08,1,1,1,1,1,1,1,1,1,1,1
9.22149992e-08,1,1,1,1,1,1,1,1,1,1,1
9.22949992e-08,0,1,1,1,1,1,1,1,1,1,1
9.23749992e-08,0,1,1,1,1,1,1,1,1,1,1
9.24549992e-08,0,1,1,1,1,1,1,1,1,1,1
9.25349992e-08,1,1,1,1,1,1,1,1,1,1,1
9.26149992e-08,1,1,1,1,1,1,1,1,1,1,1
9.26949992e-08,0,1,1,1,1,1,1,1,1,1,1
9.27749992e-08,0,1,1,1,1,1,1,1,1,1,1
9.28549992e-08,0,1,1,1,1,1,1,1,1,1,1
9.29349992e-08,1,1,1,1,1,1,1,1,1,1,1
9.30149992e-08,1,1,1,1,1,1,1,1,1,1,1
9.30949992e-08,1,1,1,1,1,1,1,1,1,1,1
9.31749992e-08,0,1,1,1,1,1,1,1,1,1,1
9.32549992e-08,0,1,1,1,1,1,1,1,1,1,1
9.33349992e-08,1,1,1,1,1,1,1,1,1,1,1
9.34149992e-08,1,1,1,1,1,1,1,1,1,1,1
9.34949992e-08,1,1,1,1,1,1,1,1,1,1,1
9.35749992e-08,0,1,1,1,1,1,1,1,1,1,1
9.36549992e-08,0,1,1,1,1,1,1,1,1,1,1
9.37349992e-08,1,1,1,1,1,1,1,1,1,1,1
9.38149992e-08,1,1,1,1,1,1,1,1,1,1,1
9.38949992e-08,1,1,1,1,1,1,1,1,1,1,1
9.39749992e-08,0,1,1,1,1,1,1,1,1,1,1
9.40549992e-08,0,1,1,1,1,1,1,1,1,1,1
9.41349992e-08,1,1,1,1,1,1,1,1,1,1,1
9.42149992e-08,1,1,1,1,1,1,1,1,1,1,1
9.42949992e-08,1,1,1,1,1,1,1,1,1,1,1
9.43749992e-08,0,1,1,1,1,1,1,1,1,1,1
9.44549992e-08,0,1,1,1,1,1,1,1,1,1,1
9.45349992e-08,0,1,1,1,1,1,1,1,1,1,1
9.46149992e-08,1,1,1,1,1,1,1,1,1,1,1
9.46949992e-08,1,1,1,1,1,1,1,1,1,1,1
9.47749992e-08,0,1,1,1,1,1,1,1,1,1,1
9.48549992e-08,0,1,1,1,1,1,1,1,1,1,1
9.49349992e-08,0,1,1,1,1,1,1,1,1,1,1
9.50149992e-08,1,1,1,1,1,1,1,1,1,1,1
9.50949992e-08,1,1,1,1,1,1,1,1,1,1,1
9.51749992e-08,1,1,1,1,1,1,1,1,1,1,1
9.52549992e-08,0,1,1,1,1,1,1,1,1,1,1
9.53349992e-08,0,1,1,1,1,1,1,1,1,1,1
9.54149992e-08,1,1,1,1,1,1,1,1,1,1,1
9.54949992e-08,1,1,0,1,1,1,1,1,0,1,0
9.55749992e-08,1,1,0,1,1,1,1,1,0,1,0
9.56549992e-08,0,1,0,1,1,1,1,1,0,1,0
9.57349992e-08,0,0,0,1,1,1,1,1,0,1,0
9.58149992e-08,1,0,0,1,1,1,1,1,0,1,0
9.58949992e-08,1,0,0,1,1,1,1,1,0,1,0
9.59749992e-08,1,0,0,1,1,1,1,1,0,1,0
9.60549992e-08,0,1,0,1,1,1,1,1,0,1,0
9.61349992e-08,0,1,0,1,1,1,1,1,0,1,0
9.62149992e-08,0,1,0,1,1,1,1,1,1,1,1
9.62949992e-08,1,1,0,1,0,1,1,1,1,1,1
9.63749992e-08,1,1,0,1,0,1,0,0,1,1,1
9.64549992e-08,0,1,0,1,0,1,0,0,1,1,1
9.65349992e-08,0,1,0,1,0,1,0,0,1,1,1
9.66149992e-08,0,1,0,1,0,1,0,0,1,1,1
9.66949992e-08,1,1,0,1,0,1,0,0,1,1,1
9.67749992e-08,1,1,0,1,0,1,0,0,1,1,1
9.68549992e-08,0,1,0,1,0,1,0,0,1,1,1
9.69349992e-08,0,1,0,1,0,1,0,0,1,1,1
9.70149992e-08,0,1,0,1,0,1,0,0,1,1,1
9.70949992e-08,1,1,1,1,1,1,1,0,1,1,1
9.71749992e-08,1,1,1,1,1,1,1,1,1,1,1
9.72549992e-08,1,1,1,1,1,1,1,1,1,1,1
9.73349992e-08,0,1,1,1,1,1,1,1,1,1,1
9.74149992e-08,0,1,1,1,1,1,1,1,1,1,1
9.74949992e-08,1,1,1,1,1,1,1,1,1,1,1
9.75749991e-08,1,1,1,1,1,1,1,1,1,1,1
9.76549991e-08,1,1,1,1,1,1,1,1,1,1,1
9.77349991e-08,0,1,1,1,1,1,1,1,1,1,1
9.78149991e-08,0,1,1,1,1,1,1,1,1,1,1
9.78949991e-08,1,1,1,1,1,1,1,1,1,1,1
9.79749991e-08,1,1,1,1,1,1,1,1,1,1,1
9.80549991e-08,1,1,1,1,1,1,1,1,1,1,1
9.81349991e-08,0,1,1,1,1,1,1,1,1,1,1
9.82149991e-08,0,1,1,1,1,1,1,1,1,1,1
9.82949991e-08,0,1,1,1,1,1,1,1,1,1,1
9.83749991e-08,1,1,1,1,1,1,1,1,1,1,1
9.84549991e-08,1,1,1,1,1,1,1,1,1,1,1
9.85349991e-08,0,1,1,1,1,1,1,1,1,1,1
9.86149991e-08,0,1,1,1,1,1,1,1,1,1,1
9.86949991e-08,0,1,1,1,1,1,1,1,1,1,1
9.87749991e-08,1,1,1,1,1,1,1,1,1,1,1
9.88549991e-08,1,1,1,1,1,1,1,1,1,1,1
9.89349991e-08,0,1,1,1,1,1,1,1,1,1,1
9.90149991e-08,0,1,1,1,1,1,1,1,1,1,1
9.90949991e-08,0,1,1,1,1,1,1,1,1,1,1
9.91749991e-08,1,1,1,1,1,1,1,1,1,1,1
9.92549991e-08,1,1,1,1,1,1,1,1,1,1,1
9.93349991e-08,1,1,1,1,1,1,1,1,1,1,1
9.94149991e-08,0,1,1,1,1,1,1,1,1,1,1
9.94949991e-08,0,1,1,1,1,1,1,1,1,1,1
9.95749991e-08,1,1,1,1,1,1,1,1,1,1,1
9.96549991e-08,1,1,1,1,1,1,1,1,1,1,1
9.97349991e-08,1,1,1,1,1,1,1,1,1,1,1
9.98149991e-08,0,1,1,1,1,1,1,1,1,1,1
9.98949991e-08,0,1,1,1,1,1,1,1,1,1,1
9.99749991e-08,1,1,1,1,1,1,1,1,1,1,1
1.00054999e-07,1,1,1,1,1,1,1,1,1,1,1
1.00134999e-07,1,1,1,1,1,1,1,1,1,1,1
1.00214999e-07,0,1,1,1,1,1,1,1,1,1,1
1.00294999e-07,0,1,1,1,1,1,1,1,1,1,1
1.00374999e-07,0,1,1,1,1,1,1,1,1,1,1
1.00454999e-07,1,1,1,1,1,1,1,1,0,1,0
1.00534999e-07,1,1,0,1,1,1,1,1,0,1,0
1.00614999e-07,0,1,0,1,1,1,1,1,0,1,0
1.00694999e-07,0,0,0,1,1,1,1,1,0,1,0
1.00774999e-07,0,0,0,1,1,1,1,1,0,1,0
1.00854999e-07,1,0,0,1,1,1,1,1,0,1,0
1.00934999e-07,1,0,0,1,1,1,1,1,0,1,0
1.01014999e-07,1,1,0,1,1,1,1,1,0,1,0
1.01094999e-07,0,1,0,1,1,1,1,1,0,1,0
1.01174999e-07,0,1,0,1,1,1,1,1,0,1,0
1.01254999e-07,1,1,0,1,1,1,1,1,1,1,1
1.01334999e-07,1,1,0,1,0,1,1,1,1,1,1
1.01414999e-07,1,1,0,1,0,1,0,0,1,1,1
1.01494999e-07,0,1,0,1,0,1,0,0,1,1,1
1.01574999e-07,0,1,0,1,0,1,0,0,1,1,1
1.01654999e-07,1,1,0,1,0,1,0,0,1,1,1
1.01734999e-07,1,1,0,1,0,1,0,0,1,1,1
1.01814999e-07,1,1,0,1,0,1,0,0,1,1,1
1.01894999e-07,0,1,0,1,0,1,0,0,1,1,1
1.01974999e-07,0,1,0,1,0,1,0,0,1,1,1
1.02054999e-07,1,1,0,1,1,1,1,0,1,1,1
1.02134999e-07,1,1,1,1,1,1,1,1,1,1,1
1.02214999e-07,1,1,1,1,1,1,1,1,1,1,1
1.02294999e-07,0,1,1,1,1,1,1,1,1,1,1
1.02374999e-07,0,1,1,1,1,1,1,1,1,1,1
1.02454999e-07,0,1,1,1,1,1,1,1,1,1,1
1.02534999e-07,1,1,1,1,1,1,1,1,1,1,1
1.02614999e-07,1,1,1,1,1,1,1,1,1,1,1
1.02694999e-07,0,1,1,1,1,1,1,1,1,1,1
1.02774999e-07,0,1,1,1,1,1,1,1,1,1,1
1.02854999e-07,0,1,1,1,1,1,1,1,1,1,1
1.02934999e-07,1,1,1,1,1,1,1,1,1,1,1
1.03014999e-07,1,1,1,1,1,1,1,1,1,1,1
1.03094999e-07,1,1,1,1,1,1,1,1,1,1,1
1.03174999e-07,0,1,1,1,1,1,1,1,1,1,1
1.03254999e-07,0,1,1,1,1,1,1,1,1,1,1
1.03334999e-07,1,1,1,1,1,1,1,1,1,1,1
1.03414999e-07,1,1,1,1,1,1,1,1,1,1,1
1.03494999e-07,1,1,1,1,1,1,1,1,1,1,1
1.03574999e-07,0,1,1,1,1,1,1,1,1,1,1
1.03654999e-07,0,1,1,1,1,1,1,1,1,1,1
1.03734999e-07,1,1,1,1,1,1,1,1,1,1,1
1.03814999e-07,1,1,1,1,1,1,1,1,1,1,1
1.03894999e-07,1,1,1,1,1,1,1,1,1,1,1
1.03974999e-07,0,1,1,1,1,1,1,1,1,1,1
1.04054999e-07,0,1,1,1,1,1,1,1,1,1,1
1.04134999e-07,1,1,1,1,1,1,1,1,1,1,1
1.04214999e-07,1,1,1,1,1,1,1,1,1,1,1
1.04294999e-07,1,1,1,1,1,1,1,1,1,1,1
1.04374999e-07,0,1,1,1,1,1,1,1,1,1,1
1.04454999e-07,0,1,1,1,1,1,1,1,1,1,1
1.04534999e-07,0,1,1,1,1,1,1,1,1,1,1
1.04614999e-07,1,1,1,1,1,1,1,1,1,1,1
1.04694999e-07,1,1,1,1,1,1,1,1,1,1,1
1.04774999e-07,0,1,1,1,1,1,1,1,1,1,1
1.04854999e-07,0,1,1,1,1,1,1,1,1,1,1
1.04934999e-07,0,1,1,1,1,1,1,1,1,1,1
1.05014999e-07,1,1,1,1,1,1,1,1,1,1,1
1.05094999e-07,1,1,1,1,1,1,1,1,1,1,1
1.05174999e-07,1,1,1,1,1,1,1,1,1,1,1
1.05254999e-07,0,1,1,1,1,1,1,1,1,1,1
1.05334999e-07,0,1,1,1,1,1,1,1,1,1,1
1.05414999e-07,1,1,1,1,1,1,1,1,1,1,1
1.05494999e-07,1,1,1,1,1,1,1,1,1,1,1
1.05574999e-07,1,1,1,1,1,1,1,1,1,1,1
1.05654999e-07,0,1,1,1,1,1,1,1,1,1,1
1.05734999e-07,0,1,1,1,1,1,1,1,1,1,1
1.05814999e-07,1,1,1,1,1,1,1,1,1,1,1
1.05894999e-07,1,1,1,1,1,1,1,1,1,1,1
1.05974999e-07,1,1,1,1,1,1,1,1,1,1,1
1.06054999e-07,0,1,1,1,1,1,1,1,1,1,1
1.06134999e-07,0,1,1,1,1,1,1,1,1,1,1
1.06214999e-07,0,1,1,1,1,1,1,1,1,1,1
1.06294999e-07,1,1,1,1,1,1,1,1,1,1,1
1.06374999e-07,1,1,1,1,1,1,1,1,1,1,1
1.06454999e-07,0,1,1,1,1,1,1,1,1,1,1
1.06534999e-07,0,1,1,1,1,1,1,1,1,1,1
1.06614999e-07,0,1,1,1,1,1,1,1,1,1,1
1.06694999e-07,1,1,1,1,1,1,1,1,1,1,1
1.06774999e-07,1,1,1,1,1,1,1,1,1,1,1
1.06854999e-07,0,1,1,1,1,1,1,1,1,1,1
1.06934999e-07,0,1,1,1,1,1,1,1,1,1,1
1.07014999e-07,0,1,1,1,1,1,1,1,1,1,1
1.07094999e-07,1,1,1,1,1,1,1,1,1,1,1
1.07174999e-07,1,1,1,1,1,1,1,1,1,1,1
1.07254999e-07,1,1,1,1,1,1,1,1,1,1,1
1.07334999e-07,0,1,1,1,1,1,1,1,1,1,1
1.07414999e-07,0,1,1,1,1,1,1,1,1,1,1
1.07494999e-07,1,1,1,1,1,1,1,1,1,1,1
1.07574999e-07,1,1,1,1,1,1,1,1,1,1,1
1.07654999e-07,1,1,1,1,1,1,1,1,1,1,1
1.07734999e-07,0,1,1,1,1,1,1,1,1,1,1
1.07814999e-07,0,1,1,1,1,1,1,1,1,1,1
1.07894999e-07,1,1,1,1,1,1,1,1,1,1,1
1.07974999e-07,1,1,1,1,1,1,1,1,1,1,1
1.08054999e-07,1,1,1,1,1,1,1,1,1,1,1
1.08134999e-07,0,1,1,1,1,1,1,1,1,1,1
1.08214999e-07,0,1,1,1,1,1,1,1,1,1,1
1.08294999e-07,0,1,1,1,1,1,1,1,1,1,1
1.08374999e-07,1,1,1,1,1,1,1,1,1,1,1
1.08454999e-07,1,1,1,1,1,1,1,1,1,1,1
1.08534999e-07,0,1,1,1,1,1,1,1,1,1,1
1.08614999e-07,0,1,1,1,1,1,1,1,1,1,1
1.08694999e-07,0,1,1,1,1,1,1,1,1,1,1
1.08774999e-07,1,1,1,1,1,1,1,1,1,1,1
1.08854999e-07,1,1,1,1,1,1,1,1,1,1,1
1.08934999e-07,0,1,1,1,1,1,1,1,1,1,1
1.09014999e-07,0,1,1,1,1,1,1,1,1,1,1
1.09094999e-07,0,1,1,1,1,1,1,1,1,1,1
1.09174999e-07,1,1,1,1,1,1,1,1,1,1,1
1.09254999e-07,1,1,1,1,1,1,1,1,1,1,1
1.09334999e-07,1,1,1,1,1,1,1,1,1,1,1
1.09414999e-07,0,1,1,1,1,1,1,1,1,1,1
1.09494999e-07,0,1,1,1,1,1,1,1,1,1,1
1.09574999e-07,1,1,1,1,1,1,1,1,1,1,1
1.09654999e-07,1,1,1,1,1,1,1,1,1,1,1
1.09734999e-07,1,1,1,1,1,1,1,1,1,1,1
1.09814999e-07,0,1,1,1,1,1,1,1,1,1,1
1.09894999e-07,0,1,1,1,1,1,1,1,1,1,1
1.09974999e-07,1,1,1,1,1,1,1,1,1,1,1
1.10054999e-07,1,1,1,1,1,1,1,1,1,1,1
1.10134999e-07,1,1,1,1,1,1,1,1,1,1,1
1.10214999e-07,0,1,1,1,1,1,1,1,1,1,1
1.10294999e-07,0,1,1,1,1,1,1,1,1,1,1
1.10374999e-07,0,1,1,1,1,1,1,1,1,1,1
1.10454999e-07,1,1,1,1,1,1,1,1,1,1,1
1.10534999e-07,1,1,1,1,1,1,1,1,1,1,1
1.10614999e-07,0,1,1,1,1,1,1,1,1,1,1
1.10694999e-07,0,1,1,1,1,1,1,1,1,1,1
1.10774999e-07,0,1,1,1,1,1,1,1,1,1,1
1.10854999e-07,1,1,1,1,1,1,1,1,1,1,1
1.10934999e-07,1,1,1,1,1,1,1,1,1,1,1
1.11014999e-07,1,1,1,1,1,1,1,1,1,1,1
1.11094999e-07,0,1,1,1,1,1,1,1,1,1,1
1.11174999e-07,0,1,1,1,1,1,1,1,1,1,1
1.11254999e-07,1,1,1,1,1,1,1,1,1,1,1
1.11334999e-07,1,1,1,1,1,1,1,1,1,1,1
1.11414999e-07,1,1,1,1,1,1,1,1,1,1,1
1.11494999e-07,0,1,1,1,1,1,1,1,1,1,1
1.11574999e-07,0,1,1,1,1,1,1,1,1,1,1
1.11654999e-07,1,1,1,1,1,1,1,1,1,1,1
1.11734999e-07,1,1,1,1,1,1,1,1,1,1,1
1.11814999e-07,1,1,1,1,1,1,1,1,1,1,1
1.11894999e-07,0,1,1,1,1,1,1,1,1,1,1
1.11974999e-07,0,1,1,1,1,1,1,1,1,1,1
1.12054999e-07,1,1,1,1,1,1,1,1,1,1,1
1.12134999e-07,1,1,1,1,1,1,1,1,1,1,1
1.12214999e-07,1,1,1,1,1,1,1,1,1,1,1
1.12294999e-07,0,1,1,1,1,1,1,1,1,1,1
1.12374999e-07,0,1,1,1,1,1,1,1,1,1,1
1.12454999e-07,0,1,1,1,1,1,1,1,1,1,1
1.12534999e-07,1,1,1,1,1,1,1,1,1,1,1
1.12614999e-07,1,1,1,1,1,1,1,1,1,1,1
1.12694999e-07,0,1,1,1,1,1,1,1,1,1,1
1.12774999e-07,0,1,1,1,1,1,1,1,1,1,1
1.12854999e-07,0,1,1,1,1,1,1,1,1,1,1
1.12934999e-07,1,1,1,1,1,1,1,1,1,1,1
1.13014999e-07,1,1,1,1,1,1,1,1,1,1,1
1.13094999e-07,1,1,1,1,1,1,1,1,1,1,1
1.13174999e-07,0,1,1,1,1,1,1,1,1,1,1
1.13254999e-07,0,1,1,1,1,1,1,1,1,1,1
1.13334999e-07,1,1,1,1,1,1,1,1,1,1,1
1.13414999e-07,1,1,1,1,1,1,1,1,1,1,1
1.13494999e-07,1,1,1,1,1,1,1,1,1,1,1
1.13574999e-07,0,1,1,1,1,1,1,1,1,1,1
1.13654999e-07,0,1,1,1,1,1,1,1,1,1,1
1.13734999e-07,1,1,1,1,1,1,1,1,1,1,1
1.13814999e-07,1,1,1,1,1,1,1,1,1,1,1
1.13894999e-07,1,1,1,1,1,1,1,1,1,1,1
1.13974999e-07,0,1,1,1,1,1,1,1,1,1,1
1.14054999e-07,0,1,1,1,1,1,1,1,1,1,1
1.14134999e-07,0,1,1,1,1,1,1,1,1,1,1
1.14214999e-07,1,1,1,1,1,1,1,1,1,1,1
1.14294999e-07,1,1,1,1,1,1,1,1,1,1,1
1.14374999e-07,0,1,1,1,1,1,1,1,1,1,1
1.14454999e-07,0,1,1,1,1,1,1,1,1,1,1
1.14534999e-07,0,1,1,1,1,1,1,1,1,1,1
1.14614999e-07,1,1,1,1,1,1,1,1,1,1,1
1.14694999e-07,1,1,1,1,1,1,1,1,1,1,1
1.14774999e-07,0,1,1,1,1,1,1,1,1,1,1
1.14854999e-07,0,1,1,1,1,1,1,1,1,1,1
1.14934999e-07,0,1,1,1,1,1,1,1,1,1,1
1.15014999e-07,1,1,1,1,1,1,1,1,1,1,1
1.15094999e-07,1,1,1,1,1,1,1,1,1,1,1
1.15174999e-07,1,1,1,1,1,1,1,1,1,1,1
1.15254999e-07,0,1,1,1,1,1,1,1,1,1,1
1.15334999e-07,0,1,1,1,1,1,1,1,1,1,1
1.15414999e-07,1,1,1,1,1,1,1,1,1,1,1
1.15494999e-07,1,1,1,1,1,1,1,1,1,1,1
1.15574999e-07,1,1,1,1,1,1,1,1,1,1,1
1.15654999e-07,0,1,1,1,1,1,1,1,1,1,1
1.15734999e-07,0,1,1,1,1,1,1,1,1,1,1
1.15814999e-07,1,1,1,1,1,1,1,1,1,1,1
1.15894999e-07,1,1,1,1,1,1,1,1,1,1,1
1.15974999e-07,1,1,1,1,1,1,1,1,1,1,1
1.16054999e-07,0,1,1,1,1,1,1,1,1,1,1
1.16134999e-07,0,1,1,1,1,1,1,1,1,1,1
1.16214999e-07,0,1,1,1,1,1,1,1,1,1,1
1.16294999e-07,1,1,1,1,1,1,1,1,1,1,1
1.16374999e-07,1,1,1,1,1,1,1,1,1,1,1
1.16454999e-07,0,1,1,1,1,1,1,1,1,1,1
1.16534999e-07,0,1,1,1,1,1,1,1,1,1,1
1.16614999e-07,0,1,1,1,1,1,1,1,1,1,1
1.16694999e-07,1,1,1,1,1,1,1,1,1,1,1
1.16774999e-07,1,1,1,1,1,1,1,1,1,1,1
1.16854999e-07,1,1,1,1,1,1,1,1,1,1,1
1.16934999e-07,0,1,1,1,1,1,1,1,1,1,1
1.17014999e-07,0,1,1,1,1,1,1,1,1,1,1
1.17094999e-07,1,1,1,1,1,1,1,1,1,1,1
1.17174999e-07,1,1,1,1,1,1,1,1,1,1,1
1.17254999e-07,1,1,1,1,1,1,1,1,1,1,1
1.17334999e-07,0,1,1,1,1,1,1,1,1,1,1
1.17414999e-07,0,1,1,1,1,1,1,1,1,1,1
1.17494999e-07,1,1,1,1,1,1,1,1,1,1,1
1.17574999e-07,1,1,1,1,1,1,1,1,1,1,1
1.17654999e-07,1,1,1,1,1,1,1,1,1,1,1
1.17734999e-07,0,1,1,1,1,1,1,1,1,1,1
1.17814999e-07,0,1,1,1,1,1,1,1,1,1,1
1.17894999e-07,1,1,1,1,1,1,1,1,1,1,1
1.17974999e-07,1,1,1,1,1,1,1,1,1,1,1
1.18054999e-07,1,1,1,1,1,1,1,1,1,1,1
1.18134999e-07,0,1,1,1,1,1,1,1,1,1,1
1.18214999e-07,0,1,1,1,1,1,1,1,1,1,1
1.18294999e-07,0,1,1,1,1,1,1,1,1,1,1
1.18374999e-07,1,1,1,1,1,1,1,1,1,1,1
1.18454999e-07,1,1,1,1,1,1,1,1,1,1,1
1.18534999e-07,0,1,1,1,1,1,1,1,1,1,1
1.18614999e-07,0,1,1,1,1,1,1,1,1,1,1
1.18694999e-07,0,1,1,1,1,1,1,1,1,1,1
1.18774999e-07,1,1,1,1,1,1,1,1,1,1,1
1.18854999e-07,1,1,1,1,1,1,1,1,1,1,1
1.18934999e-07,1,1,1,1,1,1,1,1,1,1,1
1.19014999e-07,0,1,1,1,1,1,1,1,1,1,1
1.19094999e-07,0,1,1,1,1,1,1,1,1,1,1
1.19174999e-07,1,1,1,1,1,1,1,1,1,1,1
1.19254999e-07,1,1,1,1,1,1,1,1,1,1,1
1.19334999e-07,1,1,1,1,1,1,1,1,1,1,1
1.19414999e-07,0,1,1,1,1,1,1,1,1,1,1
1.19494999e-07,0,1,1,1,1,1,1,1,1,1,1
1.19574999e-07,1,1,1,1,1,1,1,1,1,1,1
1.19654999e-07,1,1,1,1,1,1,1,1,1,1,1
1.19734999e-07,1,1,1,1,1,1,1,1,1,1,1
1.19814999e-07,0,1,1,1,1,1,1,1,1,1,1
1.19894999e-07,0,1,1,1,1,1,1,1,1,1,1
1.19974999e-07,0,1,1,1,1,1,1,1,1,1,1
1.20054999e-07,1,1,1,1,1,1,1,1,1,1,1
1.20134999e-07,1,1,1,1,1,1,1,1,1,1,1
1.20214999e-07,0,1,1,1,1,1,1,1,1,1,1
1.20294999e-07,0,1,1,1,1,1,1,1,1,1,1
1.20374999e-07,0,1,1,1,1,1,1,1,1,1,1
1.20454999e-07,1,1,1,1,1,1,1,1,1,1,1
1.20534999e-07,1,1,1,1,1,1,1,1,1,1,1
1.20614999e-07,0,1,1,1,1,1,1,1,1,1,1
1.20694999e-07,0,1,1,1,1,1,1,1,1,1,1
1.20774999e-07,0,1,1,1,1,1,1,1,1,1,1
1.20854999e-07,1,1,1,1,1,1,1,1,1,1,1
1.20934999e-07,1,1,1,1,1,1,1,1,1,1,1
1.21014999e-07,1,1,1,1,1,1,1,1,1,1,1
1.21094999e-07,0,1,1,1,1,1,1,1,1,1,1
1.21174999e-07,0,1,1,1,1,1,1,1,1,1,1
1.21254999e-07,1,1,1,1,1,1,1,1,1,1,1
1.21334999e-07,1,1,1,1,1,1,1,1,1,1,1
1.21414999e-07,1,1,1,1,1,1,1,1,1,1,1
1.21494999e-07,0,1,1,1,1,1,1,1,1,1,1
1.21574999e-07,0,1,1,1,1,1,1,1,1,1,1
1.21654999e-07,1,1,1,1,1,1,1,1,1,1,1
1.21734999e-07,1,1,1,1,1,1,1,1,1,1,1
1.21814999e-07,1,1,1,1,1,1,1,1,1,1,1
1.21894999e-07,0,1,1,1,1,1,1,1,1,1,1
1.21974999e-07,0,1,1,1,1,1,1,1,1,1,1
1.22054999e-07,0,1,1,1,1,1,1,1,1,1,1
1.22134999e-07,1,1,1,1,1,1,1,1,1,1,1
1.22214999e-07,1,1,1,1,1,1,1,1,1,1,1
1.22294999e-07,0,1,1,1,1,1,1,1,1,1,1
1.22374999e-07,0,1,1,1,1,1,1,1,1,1,1
1.22454999e-07,0,1,1,1,1,1,1,1,1,1,1
1.22534999e-07,1,1,1,1,1,1,1,1,1,1,1
1.22614999e-07,1,1,1,1,1,1,1,1,1,1,1
1.22694999e-07,1,1,1,1,1,1,1,1,1,1,1
1.22774999e-07,0,1,1,1,1,1,1,1,1,1,1
1.22854999e-07,0,1,1,1,1,1,1,1,1,1,1
1.22934999e-07,1,1,1,1,1,1,1,1,1,1,1
1.23014999e-07,1,1,1,1,1,1,1,1,1,1,1
1.23094999e-07,1,1,1,1,1,1,1,1,1,1,1
1.23174999e-07,0,1,1,1,1,1,1,1,1,1,1
1.23254999e-07,0,1,1,1,1,1,1,1,1,1,1
1.23334999e-07,1,1,1,1,1,1,1,1,1,1,1
1.23414999e-07,1,1,1,1,1,1,1,1,1,1,1
1.23494999e-07,1,1,1,1,1,1,1,1,1,1,1
1.23574999e-07,0,1,1,1,1,1,1,1,1,1,1
1.23654999e-07,0,1,1,1,1,1,1,1,1,1,1
1.23734999e-07,0,1,1,1,1,1,1,1,1,1,1
1.23814999e-07,1,1,1,1,1,1,1,1,1,1,1
1.23894999e-07,1,1,1,1,1,1,1,1,1,1,1
1.23974999e-07,0,1,1,1,1,1,1,1,1,1,1
1.24054999e-07,0,1,1,1,1,1,1,1,1,1,1
1.24134999e-07,0,1,1,1,1,1,1,1,1,1,1
1.24214999e-07,1,1,1,1,1,1,1,1,1,1,1
1.24294999e-07,1,1,1,1,1,1,1,1,1,1,1
1.24374999e-07,0,1,1,1,1,1,1,1,1,1,1
1.24454999e-07,0,1,1,1,1,1,1,1,1,1,1
1.24534999e-07,0,1,1,1,1,1,1,1,1,1,1
1.24614999e-07,1,1,1,1,1,1,1,1,1,1,1
1.24694999e-07,1,1,1,1,1,1,1,1,1,1,1
1.24774999e-07,1,1,1,1,1,1,1,1,1,1,1
1.24854999e-07,0,1,1,1,1,1,1,1,1,1,1
1.24934999e-07,0,1,1,1,1,1,1,1,1,1,1
1.25014999e-07,1,1,1,1,1,1,1,1,1,1,1
1.25094999e-07,1,1,1,1,1,1,1,1,1,1,1
1.25174999e-07,1,1,1,1,1,1,1,1,1,1,1
1.25254999e-07,0,1,1,1,1,1,1,1,1,1,1
1.25334999e-07,0,1,1,1,1,1,1,1,1,1,1
1.25414999e-07,1,1,1,1,1,1,1,1,1,1,1
1.25494999e-07,1,1,1,1,1,1,1,1,1,1,1
1.25574999e-07,1,1,1,1,1,1,1,1,1,1,1
1.25654999e-07,0,1,1,1,1,1,1,1,1,1,1
1.25734999e-07,0,1,1,1,1,1,1,1,1,1,1
1.25814999e-07,0,1,1,1,1,1,1,1,1,1,1
1.25894999e-07,1,1,1,1,1,1,1,1,1,1,1
1.25974999e-07,1,1,1,1,1,1,1,1,1,1,1
1.26054999e-07,0,1,1,1,1,1,1,1,1,1,1
1.26134999e-07,0,1,1,1,1,1,1,1,1,1,1
1.26214999e-07,0,1,1,1,1,1,1,1,1,1,1
1.26294999e-07,1,1,1,1,1,1,1,1,1,1,1
1.26374999e-07,1,1,1,1,1,1,1,1,1,1,1
1.26454999e-07,1,1,1,1,1,1,1,1,1,1,1
1.26534999e-07,0,1,1,1,1,1,1,1,1,1,1
1.26614999e-07,0,1,1,1,1,1,1,1,1,1,1
1.26694999e-07,1,1,1,1,1,1,1,1,1,1,1
1.26774999e-07,1,1,1,1,1,1,1,1,1,1,1
1.26854999e-07,1,1,1,1,1,1,1,1,1,1,1
1.26934999e-07,0,1,1,1,1,1,1,1,1,1,1
1.27014999e-07,0,1,1,1,1,1,1,1,1,1,1
1.27094999e-07,1,1,1,1,1,1,1,1,1,1,1
1.27174999e-07,1,1,1,1,1,1,1,1,1,1,1
1.27254999e-07,1,1,1,1,1,1,1,1,1,1,1
1.27334999e-07,0,1,1,1,1,1,1,1,1,1,1
1.27414999e-07,0,1,1,1,1,1,1,1,1,1,1
1.27494999e-07,0,1,1,1,1,1,1,1,1,1,1
1.27574999e-07,1,1,1,1,1,1,1,1,1,1,1
1.27654999e-07,1,1,1,1,1,1,1,1,1,1,1
1.27734999e-07,0,1,1,1,1,1,1,1,1,1,1
1.27814999e-07,0,1,1,1,1,1,1,1,1,1,1
1.27894999e-07,0,1,1,1,1,1,1,1,1,1,1
1.27974999e-07,1,1,1,1,1,1,1,1,1,1,1
1.28054999e-07,1,1,1,1,1,1,1,1,1,1,1
1.28134999e-07,0,1,1,1,1,1,1,1,1,1,1
1.28214999e-07,0,1,1,1,1,1,1,1,1,1,1
1.28294999e-07,0,1,1,1,1,1,1,1,1,1,1
1.28374999e-07,1,1,1,1,1,1,1,1,1,1,1
1.28454999e-07,1,1,1,1,1,1,1,1,1,1,1
1.28534999e-07,1,1,1,1,1,1,1,1,1,1,1
1.28614999e-07,0,1,1,1,1,1,1,1,1,1,1
1.28694999e-07,0,1,1,1,1,1,1,1,1,1,1
1.28774999e-07,1,1,1,1,1,1,1,1,1,1,1
1.28854999e-07,1,1,1,1,1,1,1,1,1,1,1
1.28934999e-07,1,1,1,1,1,1,1,1,1,1,1
1.29014999e-07,0,1,1,1,1,1,1,1,1,1,1
1.29094999e-07,0,1,1,1,1,1,1,1,1,1,1
1.29174999e-07,1,1,1,1,1,1,1,1,1,1,1
1.29254999e-07,1,1,1,1,1,1,1,1,1,1,1
1.29334999e-07,1,1,1,1,1,1,1,1,1,1,1
1.29414999e-07,0,1,1,1,1,1,1,1,1,1,1
1.29494999e-07,0,1,1,1,1,1,1,1,1,1,1
1.29574999e-07,0,1,1,1,1,1,1,1,1,1,1
1.29654999e-07,1,1,1,1,1,1,1,1,1,1,1
1.29734999e-07,1,1,1,1,1,1,1,1,1,1,1
1.29814999e-07,0,1,1,1,1,1,1,1,1,1,1
1.29894999e-07,0,1,1,1,1,1,1,1,1,1,1
1.29974999e-07,0,1,1,1,1,1,1,1,1,1,1
1.30054999e-07,1,1,1,1,1,1,1,1,1,1,1
1.30134999e-07,1,1,1,1,1,1,1,1,1,1,1
1.30214999e-07,1,1,1,1,1,1,1,1,1,1,1
1.30294999e-07,0,1,1,1,1,1,1,1,1,1,1
1.30374999e-07,0,1,1,1,1,1,1,1,1,1,1
1.30454999e-07,1,1,1,1,1,1,1,1,1,1,1
1.30534999e-07,1,1,1,1,1,1,1,1,1,1,1
1.30614999e-07,1,1,1,1,1,1,1,1,1,1,1
1.30694999e-07,0,1,1,1,1,1,1,1,1,1,1
1.30774999e-07,0,1,1,1,1,1,1,1,1,1,1
1.30854999e-07,1,1,1,1,1,1,1,1,1,1,1
1.30934999e-07,1,1,1,1,1,1,1,1,1,1,1
1.31014999e-07,1,1,1,1,1,1,1,1,1,1,1
1.31094999e-07,0,1,1,1,1,1,1,1,1,1,1
1.31174999e-07,0,1,1,1,1,1,1,1,1,1,1
1.31254999e-07,0,1,1,1,1,1,1,1,1,1,1
1.31334999e-07,1,1,1,1,1,1,1,1,1,1,1
1.31414999e-07,1,1,1,1,1,1,1,1,1,1,1
1.31494999e-07,0,1,1,1,1,1,1,1,1,1,1
1.31574999e-07,0,1,1,1,1,1,1,1,1,1,1
1.31654999e-07,0,1,1,1,1,1,1,1,1,1,1
1.31734999e-07,1,1,1,1,1,1,1,1,1,1,1
1.31814999e-07,1,1,1,1,1,1,1,1,1,1,1
1.31894999e-07,0,1,1,1,1,1,1,1,1,1,1
1.31974999e-07,0,1,1,1,1,1,1,1,1,1,1
1.32054999e-07,0,1,1,1,1,1,1,1,1,1,1
1.32134999e-07,1,1,1,1,1,1,1,1,1,1,1
1.32214999e-07,1,1,1,1,1,1,1,1,1,1,1
1.32294999e-07,1,1,1,1,1,1,1,1,1,1,1
1.32374999e-07,0,1,1,1,1,1,1,1,1,1,1
1.32454999e-07,0,1,1,1,1,1,1,1,1,1,1
1.32534999e-07,1,1,1,1,1,1,1,1,1,1,1
1.32614999e-07,1,1,1,1,1,1,1,1,1,1,1
1.32694999e-07,1,1,1,1,1,1,1,1,1,1,1
1.32774999e-07,0,1,1,1,1,1,1,1,1,1,1
1.32854999e-07,0,1,1,1,1,1,1,1,1,1,1
1.32934999e-07,0,1,1,1,1,1,1,1,1,1,1
1.33014999e-07,1,1,1,1,1,1,1,1,1,1,1
1.33094999e-07,1,1,1,1,1,1,1,1,1,1,1
1.33174999e-07,0,1,1,1,1,1,1,1,1,1,1
1.33254999e-07,0,1,1,1,1,1,1,1,1,1,1
1.33334999e-07,0,1,1,1,1,1,1,1,1,1,1
1.33414999e-07,1,1,1,1,1,1,1,1,1,1,1
1.33494999e-07,1,1,1,1,1,1,1,1,1,1,1
1.33574999e-07,0,1,1,1,1,1,1,1,1,1,1
1.33654999e-07,0,1,1,1,1,1,1,1,1,1,1
1.33734999e-07,0,1,1,1,1,1,1,1,1,1,1
1.33814999e-07,1,1,1,1,1,1,1,1,1,1,1
1.33894999e-07,1,1,1,1,1,1,1,1,1,1,1
1.33974999e-07,1,1,1,1,1,1,1,1,1,1,1
1.34054999e-07,0,1,1,1,1,1,1,1,1,1,1
1.34134999e-07,0,1,1,1,1,1,1,1,1,1,1
1.34214999e-07,1,1,1,1,1,1,1,1,1,1,1
1.34294999e-07,1,1,1,1,1,1,1,1,1,1,1
1.34374999e-07,1,1,1,1,1,1,1,1,1,1,1
1.34454999e-07,0,1,1,1,1,1,1,1,1,1,1
1.34534999e-07,0,1,1,1,1,1,1,1,1,1,1
1.34614999e-07,1,1,1,1,1,1,1,1,1,1,1
1.34694999e-07,1,1,1,1,1,1,1,1,1,1,1
1.34774999e-07,1,1,1,1,1,1,1,1,1,1,1
1.34854999e-07,0,1,1,1,1,1,1,1,1,1,1
1.34934999e-07,0,1,1,1,1,1,1,1,1,1,1
1.35014999e-07,0,1,1,1,1,1,1,1,1,1,1
1.35094999e-07,1,1,1,1,1,1,1,1,1,1,1
1.35174999e-07,1,1,1,1,1,1,1,1,1,1,1
1.35254999e-07,0,1,1,1,1,1,1,1,1,1,1
1.35334999e-07,0,1,1,1,1,1,1,1,1,1,1
1.35414999e-07,0,1,1,1,1,1,1,1,1,1,1
1.35494999e-07,1,1,1,1,1,1,1,1,1,1,1
1.35574999e-07,1,1,1,1,1,1,1,1,1,1,1
1.35654999e-07,1,1,1,1,1,1,1,1,1,1,1
1.35734999e-07,0,1,1,1,1,1,1,1,1,1,1
1.35814999e-07,0,1,1,1,1,1,1,1,1,1,1
1.35894999e-07,1,1,1,1,1,1,1,1,1,1,1
1.35974999e-07,1,1,1,1,1,1,1,1,1,1,1
1.36054999e-07,1,1,1,1,1,1,1,1,1,1,1
1.36134999e-07,0,1,1,1,1,1,1,1,1,1,1
1.36214999e-07,0,1,1,1,1,1,1,1,1,1,1
1.36294999e-07,1,1,1,1,1,1,1,1,1,1,1
1.36374999e-07,1,1,1,1,1,1,1,1,1,1,1
1.36454999e-07,1,1,1,1,1,1,1,1,1,1,1
1.36534999e-07,0,1,1,1,1,1,1,1,1,1,1
1.36614999e-07,0,1,1,1,1,1,1,1,1,1,1
1.36694999e-07,0,1,1,1,1,1,1,1,1,1,1
1.36774999e-07,1,1,1,1,1,1,1,1,1,1,1
1.36854999e-07,1,1,1,1,1,1,1,1,1,1,1
1.36934999e-07,0,1,1,1,1,1,1,1,1,1,1
1.37014999e-07,0,1,1,1,1,1,1,1,1,1,1
1.37094999e-07,0,1,1,1,1,1,1,1,1,1,1
1.37174999e-07,1,1,1,1,1,1,1,1,1,1,1
1.37254999e-07,1,1,1,1,1,1,1,1,1,1,1
1.37334999e-07,0,1,1,1,1,1,1,1,1,1,1
1.37414999e-07,0,1,1,1,1,1,1,1,1,1,1
1.37494999e-07,0,1,1,1,1,1,1,1,1,1,1
1.37574999e-07,1,1,1,1,1,1,1,1,1,1,1
1.37654999e-07,1,1,1,1,1,1,1,1,1,1,1
1.37734999e-07,1,1,1,1,1,1,1,1,1,1,1
1.37814999e-07,0,1,1,1,1,1,1,1,1,1,1
1.37894999e-07,0,1,1,1,1,1,1,1,1,1,1
1.37974999e-07,1,1,1,1,1,1,1,1,1,1,1
1.38054999e-07,1,1,1,1,1,1,1,1,1,1,1
1.38134999e-07,1,1,1,1,1,1,1,1,1,1,1
1.38214999e-07,0,1,1,1,1,1,1,1,1,1,1
1.38294999e-07,0,1,1,1,1,1,1,1,1,1,1
1.38374999e-07,1,1,1,1,1,1,1,1,1,1,1
1.38454999e-07,1,1,1,1,1,1,1,1,1,1,1
1.38534999e-07,1,1,1,1,1,1,1,1,1,1,1
1.38614999e-07,0,1,1,1,1,1,1,1,1,1,1
1.38694999e-07,0,1,1,1,1,1,1,1,1,1,1
1.38774999e-07,0,1,1,1,1,1,1,1,1,1,1
1.38854999e-07,1,1,1,1,1,1,1,1,1,1,1
1.38934999e-07,1,1,1,1,1,1,1,1,1,1,1
1.39014999e-07,0,1,1,1,1,1,1,1,1,1,1
1.39094999e-07,0,1,1,1,1,1,1,1,1,1,1
1.39174999e-07,0,1,1,1,1,1,1,1,1,1,1
1.39254999e-07,1,1,1,1,1,1,1,1,1,1,1
1.39334999e-07,1,1,1,1,1,1,1,1,1,1,1
1.39414999e-07,1,1,1,1,1,1,1,1,1,1,1
1.39494999e-07,0,1,1,1,1,1,1,1,1,1,1
1.39574999e-07,0,1,1,1,1,1,1,1,1,1,1
1.39654999e-07,1,1,1,1,1,1,1,1,1,1,1
1.39734999e-07,1,1,1,1,1,1,1,1,1,1,1
1.39814999e-07,1,1,1,1,1,1,1,1,1,1,1
1.39894999e-07,0,1,1,1,1,1,1,1,1,1,1
1.39974999e-07,0,1,1,1,1,1,1,1,1,1,1
1.40054999e-07,1,1,1,1,1,1,1,1,1,1,1
1.40134999e-07,1,1,1,1,1,1,1,1,1,1,1
1.40214999e-07,1,1,1,1,1,1,1,1,1,1,1
1.40294999e-07,0,1,1,1,1,1,1,1,1,1,1
1.40374999e-07,0,1,1,1,1,1,1,1,1,1,1
1.40454999e-07,0,1,1,1,1,1,1,1,1,1,1
1.40534999e-07,1,1,1,1,1,1,1,1,1,1,1
1.40614999e-07,1,1,1,1,1,1,1,1,1,1,1
1.40694999e-07,0,1,1,1,1,1,1,1,1,1,1
1.40774999e-07,0,1,1,1,1,1,1,1,1,1,1
1.40854999e-07,0,1,1,1,1,1,1,1,1,1,1
1.40934999e-07,1,1,1,1,1,1,1,1,1,1,1
1.41014999e-07,1,1,1,1,1,1,1,1,1,1,1
1.41094999e-07,1,1,1,1,1,1,1,1,1,1,1
1.41174999e-07,0,1,1,1,1,1,1,1,1,1,1
1.41254999e-07,0,1,1,1,1,1,1,1,1,1,1
1.41334999e-07,1,1,1,1,1,1,1,1,1,1,1
1.41414999e-07,1,1,1,1,1,1,1,1,1,1,1
1.41494999e-07,1,1,1,1,1,1,1,1,1,1,1
1.41574999e-07,0,1,1,1,1,1,1,1,1,1,1
1.41654999e-07,0,1,1,1,1,1,1,1,1,1,1
1.41734999e-07,1,1,1,1,1,1,1,1,1,1,1
1.41814999e-07,1,1,1,1,1,1,1,1,1,1,1
1.41894999e-07,1,1,1,1,1,1,1,1,1,1,1
1.41974999e-07,0,1,1,1,1,1,1,1,1,1,1
1.42054999e-07,0,1,1,1,1,1,1,1,1,1,1
1.42134999e-07,0,1,1,1,1,1,1,1,1,1,1
1.42214999e-07,1,1,1,1,1,1,1,1,1,1,1
1.42294999e-07,1,1,1,1,1,1,1,1,1,1,1
1.42374999e-07,0,1,1,1,1,1,1,1,1,1,1
1.42454999e-07,0,1,1,1,1,1,1,1,1,1,1
1.42534999e-07,0,1,1,1,1,1,1,1,1,1,1
1.42614999e-07,1,1,1,1,1,1,1,1,1,1,1
1.42694999e-07,1,1,1,1,1,1,1,1,1,1,1
1.42774999e-07,0,1,1,1,1,1,1,1,1,1,1
1.42854999e-07,0,1,1,1,1,1,1,1,1,1,1
1.42934999e-07,0,1,1,1,1,1,1,1,1,1,1
1.43014999e-07,1,1,1,1,1,1,1,1,1,1,1
1.43094999e-07,1,1,1,1,1,1,1,1,1,1,1
1.43174999e-07,1,1,1,1,1,1,1,1,1,1,1
1.43254999e-07,0,1,1,1,1,1,1,1,1,1,1
1.43334999e-07,0,1,1,1,1,1,1,1,1,1,1
1.43414999e-07,1,1,1,1,1,1,1,1,1,1,1
1.43494999e-07,1,1,1,1,1,1,1,1,1,1,1
1.43574999e-07,1,1,1,1,1,1,1,1,1,1,1
1.43654999e-07,0,1,1,1,1,1,1,1,1,1,1
1.43734999e-07,0,1,1,1,1,1,1,1,1,1,1
1.43814999e-07,1,1,1,1,1,1,1,1,1,1,1
1.43894999e-07,1,1,1,1,1,1,1,1,1,1,1
1.43974999e-07,1,1,1,1,1,1,1,1,1,1,1
1.44054999e-07,0,1,1,1,1,1,1,1,1,1,1
1.44134999e-07,0,1,1,1,1,1,1,1,1,1,1
1.44214999e-07,0,1,1,1,1,1,1,1,1,1,1
1.44294999e-07,1,1,1,1,1,1,1,1,1,1,1
1.44374999e-07,1,1,1,1,1,1,1,1,1,1,1
1.44454999e-07,0,1,1,1,1,1,1,1,1,1,1
1.44534999e-07,0,1,1,1,1,1,1,1,1,1,1
1.44614999e-07,0,1,1,1,1,1,1,1,1,1,1
1.44694999e-07,1,1,1,1,1,1,1,1,1,1,1
1.44774999e-07,1,1,1,1,1,1,1,1,1,1,1
1.44854999e-07,1,1,1,1,1,1,1,1,1,1,1
1.44934999e-07,0,1,1,1,1,1,1,1,1,1,1
1.45014999e-07,0,1,1,1,1,1,1,1,1,1,1
1.45094999e-07,1,1,1,1,1,1,1,1,1,1,1
1.45174999e-07,1,1,1,1,1,1,1,1,1,1,1
1.45254999e-07,1,1,1,1,1,1,1,1,1,1,1
1.45334999e-07,0,1,1,1,1,1,1,1,1,1,1
1.45414999e-07,0,1,1,1,1,1,1,1,1,1,1
1.45494999e-07,1,1,1,1,1,1,1,1,1,1,1
1.45574999e-07,1,1,1,1,1,1,1,1,1,1,1
1.45654999e-07,1,1,1,1,1,1,1,1,1,1,1
1.45734999e-07,0,1,1,1,1,1,1,1,1,1,1
1.45814999e-07,0,1,1,1,1,1,1,1,1,1,1
1.45894999e-07,0,1,1,1,1,1,1,1,1,1,1
1.45974999e-07,1,1,1,1,1,1,1,1,1,1,1
1.46054999e-07,1,1,1,1,1,1,1,1,1,1,1
1.46134999e-07,0,1,1,1,1,1,1,1,1,1,1
1.46214999e-07,0,1,1,1,1,1,1,1,1,1,1
1.46294999e-07,0,1,1,1,1,1,1,1,1,1,1
1.46374999e-07,1,1,1,1,1,1,1,1,1,1,1
1.46454999e-07,1,1,1,1,1,1,1,1,1,1,1
1.46534999e-07,0,1,1,1,1,1,1,1,1,1,1
1.46614999e-07,0,1,1,1,1,1,1,1,1,1,1
1.46694999e-07,0,1,1,1,1,1,1,1,1,1,1
1.46774999e-07,1,1,1,1,1,1,1,1,1,1,1
1.46854999e-07,1,1,1,1,1,1,1,1,1,1,1
1.46934999e-07,1,1,1,1,1,1,1,1,1,1,1
1.47014999e-07,0,1,1,1,1,1,1,1,1,1,1
1.47094999e-07,0,1,1,1,1,1,1,1,1,1,1
1.47174999e-07,1,1,1,1,1,1,1,1,1,1,1
1.47254999e-07,1,1,1,1,1,1,1,1,1,1,1
1.47334999e-07,1,1,1,1,1,1,1,1,1,1,1
1.47414999e-07,0,1,1,1,1,1,1,1,1,1,1
1.47494999e-07,0,1,1,1,1,1,1,1,1,1,1
1.47574999e-07,1,1,1,1,1,1,1,1,1,1,1
1.47654999e-07,1,1,1,1,1,1,1,1,1,1,1
1.47734999e-07,1,1,1,1,1,1,1,1,1,1,1
1.47814999e-07,0,1,1,1,1,1,1,1,1,1,1
1.47894999e-07,0,1,1,1,1,1,1,1,1,1,1
1.47974999e-07,0,1,1,1,1,1,1,1,1,1,1
1.48054999e-07,1,1,1,1,1,1,1,1,1,1,1
1.48134999e-07,1,1,1,1,1,1,1,1,1,1,1
1.48214999e-07,0,1,1,1,1,1,1,1,1,1,1
1.48294999e-07,0,1,1,1,1,1,1,1,1,1,1
1.48374999e-07,0,1,1,1,1,1,1,1,1,1,1
1.48454999e-07,1,1,1,1,1,1,1,1,1,1,1
1.48534999e-07,1,1,1,1,1,1,1,1,1,1,1
1.48614999e-07,1,1,1,1,1,1,1,1,1,1,1
1.48694999e-07,0,1,1,1,1,1,1,1,1,1,1
1.48774999e-07,0,1,1,1,1,1,1,1,1,1,1
1.48854999e-07,1,1,1,1,1,1,1,1,1,1,1
1.48934999e-07,1,1,1,1,1,1,1,1,1,1,1
1.49014999e-07,1,1,1,1,1,1,1,1,1,1,1
1.49094999e-07,0,1,1,1,1,1,1,1,1,1,1
1.49174999e-07,0,1,1,1,1,1,1,1,1,1,1
1.49254999e-07,1,1,1,1,1,1,1,1,1,1,1
1.49334999e-07,1,1,1,1,1,1,1,1,1,1,1
1.49414999e-07,1,1,1,1,1,1,1,1,1,1,1
1.49494999e-07,0,1,1,1,1,1,1,1,1,1,1
1.49574999e-07,0,1,1,1,1,1,1,1,1,1,1
1.49654999e-07,1,1,1,1,1,1,1,1,1,1,1
1.49734999e-07,1,1,1,1,1,1,1,1,1,1,1
1.49814999e-07,1,1,1,1,1,1,1,1,1,1,1
1.49894999e-07,0,1,1,1,1,1,1,1,1,1,1
1.49974999e-07,0,1,1,1,1,1,1,1,1,1,1
1.50054999e-07,0,1,1,1,1,1,1,1,1,1,1
1.50134999e-07,1,1,1,1,1,1,1,1,1,1,1
1.50214999e-07,1,1,1,1,1,1,1,1,1,1,1
1.50294999e-07,0,1,1,1,1,1,1,1,1,1,1
1.50374999e-07,0,1,1,1,1,1,1,1,1,1,1
1.50454999e-07,0,1,1,1,1,1,1,1,1,1,1
1.50534999e-07,1,1,1,1,1,1,1,1,1,1,1
1.50614999e-07,1,1,1,1,1,1,1,1,1,1,1
1.50694999e-07,1,1,1,1,1,1,1,1,1,1,1
1.50774999e-07,0,1,1,1,1,1,1,1,1,1,1
1.50854999e-07,0,1,1,1,1,1,1,1,1,1,1
1.50934999e-07,1,1,1,1,1,1,1,1,1,1,1
1.51014999e-07,1,1,1,1,1,1,1,1,1,1,1
1.51094999e-07,1,1,1,1,1,1,1,1,1,1,1
1.51174999e-07,0,1,1,1,1,1,1,1,1,1,1
1.51254999e-07,0,1,1,1,1,1,1,1,1,1,1
1.51334999e-07,1,1,1,1,1,1,1,1,1,1,1
1.51414999e-07,1,1,1,1,1,1,1,1,1,1,1
1.51494999e-07,1,1,1,1,1,1,1,1,1,1,1
1.51574999e-07,0,1,1,1,1,1,1,1,1,1,1
1.51654999e-07,0,1,1,1,1,1,1,1,1,1,1
1.51734999e-07,0,1,1,1,1,1,1,1,1,1,1
1.51814999e-07,1,1,1,1,1,1,1,1,1,1,1
1.51894999e-07,1,1,1,1,1,1,1,1,1,1,1
1.51974999e-07,0,1,1,1,1,1,1,1,1,1,1
1.52054999e-07,0,1,1,1,1,1,1,1,1,1,1
1.52134999e-07,0,1,1,1,1,1,1,1,1,1,1
1.52214999e-07,1,1,1,1,1,1,1,1,1,1,1
1.52294999e-07,1,1,1,1,1,1,1,1,1,1,1
1.52374999e-07,1,1,1,1,1,1,1,1,1,1,1
1.52454999e-07,0,1,1,1,1,1,1,1,1,1,1
1.52534999e-07,0,1,1,1,1,1,1,1,1,1,1
1.52614999e-07,1,1,1,1,1,1,1,1,1,1,1
1.52694999e-07,1,1,1,1,1,1,1,1,1,1,1
1.52774999e-07,1,1,1,1,1,1,1,1,1,1,1
1.52854999e-07,0,1,1,1,1,1,1,1,1,1,1
1.52934999e-07,0,1,1,1,1,1,1,1,1,1,1
1.53014999e-07,1,1,1,1,1,1,1,1,1,1,1
1.53094999e-07,1,1,1,1,1,1,1,1,1,1,1
1.53174999e-07,1,1,1,1,1,1,1,1,1,1,1
1.53254999e-07,0,1,1,1,1,1,1,1,1,1,1
1.53334999e-07,0,1,1,1,1,1,1,1,1,1,1
1.53414999e-07,1,1,1,1,1,1,1,1,1,1,1
1.53494999e-07,1,1,1,1,1,1,1,1,1,1,1
1.53574999e-07,1,1,1,1,1,1,1,1,1,1,1
1.53654999e-07,0,1,1,1,1,1,1,1,1,1,1
1.53734999e-07,0,1,1,1,1,1,1,1,1,1,1
1.53814999e-07,0,1,1,1,1,1,1,1,1,1,1
1.53894999e-07,1,1,1,1,1,1,1,1,1,1,1
1.53974999e-07,1,1,1,1,1,1,1,1,1,1,1
1.54054999e-07,0,1,1,1,1,1,1,1,1,1,1
1.54134999e-07,0,1,1,1,1,1,1,1,1,1,1
1.54214999e-07,0,1,1,1,1,1,1,1,1,1,1
1.54294999e-07,1,1,1,1,1,1,1,1,1,1,1
1.54374999e-07,1,1,1,1,1,1,1,1,1,1,1
1.54454999e-07,1,1,1,1,1,1,1,1,1,1,1
1.54534999e-07,0,1,1,1,1,1,1,1,1,1,1
1.54614999e-07,0,1,1,1,1,1,1,1,1,1,1
1.54694999e-07,1,1,1,1,1,1,1,1,1,1,1
1.54774999e-07,1,1,1,1,1,1,1,1,1,1,1
1.54854999e-07,1,1,1,1,1,1,1,1,1,1,1
1.54934999e-07,0,1,1,1,1,1,1,1,1,1,1
1.55014999e-07,0,1,1,1,1,1,1,1,1,1,1
1.55094999e-07,1,1,1,1,1,1,1,1,1,1,1
1.55174999e-07,1,1,1,1,1,1,1,1,1,1,1
1.55254999e-07,1,1,1,1,1,1,1,1,1,1,1
1.55334999e-07,0,1,1,1,1,1,1,1,1,1,1
1.55414999e-07,0,1,1,1,1,1,1,1,1,1,1
1.55494999e-07,0,1,1,1,1,1,1,1,1,1,1
1.55574999e-07,1,1,1,1,1,1,1,1,1,1,1
1.55654999e-07,1,1,1,1,1,1,1,1,1,1,1
1.55734999e-07,0,1,1,1,1,1,1,1,1,1,1
1.55814999e-07,0,1,1,1,1,1,1,1,1,1,1
1.55894999e-07,0,1,1,1,1,1,1,1,1,1,1
1.55974999e-07,1,1,1,1,1,1,1,1,1,1,1
1.56054999e-07,1,1,1,1,1,1,1,1,1,1,1
1.56134999e-07,1,1,1,1,1,1,1,1,1,1,1
1.56214999e-07,0,1,1,1,1,1,1,1,1,1,1
1.56294999e-07,0,1,1,1,1,1,1,1,1,1,1
1.56374999e-07,1,1,1,1,1,1,1,1,1,1,1
1.56454999e-07,1,1,1,1,1,1,1,1,1,1,1
1.56534999e-07,1,1,1,1,1,1,1,1,1,1,1
1.56614999e-07,0,1,1,1,1,1,1,1,1,1,1
1.56694999e-07,0,1,1,1,1,1,1,1,1,1,1
1.56774999e-07,1,1,1,1,1,1,1,1,1,1,1
1.56854999e-07,1,1,1,1,1,1,1,1,1,1,1
1.56934999e-07,1,1,1,1,1,1,1,1,1,1,1
1.57014999e-07,0,1,1,1,1,1,1,1,1,1,1
1.57094999e-07,0,1,1,1,1,1,1,1,1,1,1
1.57174999e-07,1,1,1,1,1,1,1,1,1,1,1
1.57254999e-07,1,1,1,1,1,1,1,1,1,1,1
1.57334999e-07,1,1,1,1,1,1,1,1,1,1,1
1.57414999e-07,0,1,1,1,1,1,1,1,1,1,1
1.57494999e-07,0,1,1,1,1,1,1,1,1,1,1
1.57574999e-07,0,1,1,1,1,1,1,1,1,1,1
1.57654999e-07,1,1,1,1,1,1,1,1,1,1,1
1.57734999e-07,1,1,1,1,1,1,1,1,1,1,1
1.57814999e-07,0,1,1,1,1,1,1,1,1,1,1
1.57894999e-07,0,1,1,1,1,1,1,1,1,1,1
1.57974999e-07,0,1,1,1,1,1,1,1,1,1,1
1.58054999e-07,1,1,1,1,1,1,1,1,1,1,1
1.58134999e-07,1,1,1,1,1,1,1,1,1,1,1
1.58214999e-07,1,1,1,1,1,1,1,1,1,1,1
1.58294999e-07,0,1,1,1,1,1,1,1,1,1,1
1.58374999e-07,0,1,1,1,1,1,1,1,1,1,1
1.58454999e-07,1,1,1,1,1,1,1,1,1,1,1
